Newark Liberty International Airport Marriott,795,872,982,-1,-1,1076,846,795,753,836,961,-1,715,785,855,-1,-1,1035,785,715,-1,1095,-1,-1,730,800,870,-1,-1,1165,836,777,1295,1185,-1,-1,907,1009,1077,-1,-1,1159,966,864,1255,1185,1135,-1,830,915,1008,-1,-1,1113,898,830,1305,1195,-1,-1,923,982,1067,-1,804,863,965,-1,-1,1129,854,812,1405,1355,-1,-1,830,898,1000,-1,-1,1063,838,796,-1,890,958,1068,788,856,966,-1,-1,1045,822,788,1295,1185,-1,-1,-1,864,932,1034,796,864,966,-1,-1,1053,830,796,1315,1195,-1,-1,1305,1235,-1,-1,-1,914,982,1084,838,906,1008,-1,-1,1073,872,821,1295,1165,-1,-1,830,949,1059,-1,-1,-1,-1,-1,-1,-1,-1,-1,1255,1096,871,786,1245,1125,-1,-1,1235,1175,-1,-1
Hilton Garden Inn Times Square,1224,1305,1335,1225,1240,1183,1146,1212,1020,1140,1068,1061,-1,1055,1035,955,1028,1066,1033,-1,945,-1,1055,926,1789,1707,1639,1599,-1,1446,1378,1527,1728,1709,1587,1678,1728,1781,1924,1881,1670,1680,1569,1669,1335,1305,1185,1175,1426,1561,1688,1622,1465,1475,1515,1350,1367,1336,1255,1190,1639,1765,1874,1727,1715,1645,1535,1662,1571,1491,1462,1651,1446,1515,1415,1616,-1,1549,1670,1444,1503,1527,1336,1549,1606,1606,1606,-1,1515,1588,1515,1525,1478,1335,1379,1269,1505,1451,1505,1451,1677,1695,1629,-1,1195,1235,-1,1149,1197,1262,1122,1187,1082,1111,1084,-1,-1,-1,-1,-1,1348,1340,1365,-1,1195,1185,1134,1144,-1,1015,1015,993,1285,1015,1240,1232,1064,1183,-1,1065,-1,1120,770,841,-1,-1,-1,1266,-1,1021,1099,1124,1275,1155,1021,972,1541,1310,1186,1350
Residence Inn Newark Elizabeth Liberty International Airport,925,955,995,-1,-1,-1,884,925,885,925,975,-1,-1,-1,-1,-1,-1,-1,945,885,-1,-1,-1,-1,875,905,955,-1,-1,-1,915,895,-1,-1,-1,-1,895,985,995,-1,-1,-1,965,925,-1,-1,-1,-1,-1,-1,-1,-1,-1,-1,-1,-1,-1,-1,-1,-1,955,1025,1015,-1,871,-1,1070,-1,-1,-1,-1,887,-1,-1,-1,-1,867,873,1055,-1,-1,-1,889,867,-1,796,827,891,749,771,835,-1,-1,-1,772,737,-1,-1,-1,-1,895,733,701,753,696,687,739,-1,-1,-1,733,696,-1,-1,-1,-1,-1,-1,-1,-1,-1,717,746,798,688,717,769,-1,-1,-1,717,688,-1,-1,-1,-1,651,707,777,-1,-1,-1,-1,-1,635,635,635,683,-1,-1,707,651,-1,-1,-1,-1,-1,-1,-1,-1
Westin New York at Times Square,1263,1277,1328,-1,-1,1285,-1,1261,1163,1214,1317,-1,1083,1129,1227,1328,-1,-1,-1,-1,1070,1250,1194,1166,-1,-1,2165,-1,1658,1695,1767,-1,-1,1833,1759,-1,-1,2398,2018,2230,1526,1544,1640,-1,-1,1425,1380,1425,1810,1778,1837,2098,-1,-1,-1,-1,-1,1981,-1,2147,2044,2138,2217,-1,1356,1426,1475,1965,-1,1440,-1,1326,-1,1627,1446,1493,1656,1716,1775,2265,-1,1705,1606,1556,-1,1939,1985,-1,1606,1674,1719,-1,1754,1649,1611,1527,-1,1695,1600,1827,-1,1746,1882,-1,1336,1396,1445,-1,1458,1355,1334,1256,-1,1565,1516,1728,1825,1695,1896,-1,1576,1656,1723,-1,1532,1586,1631,1681,-1,1343,1264,1246,-1,1423,1374,1673,1400,1476,1519,-1,-1,1219,-1,1180,1106,1168,1181,1172,-1,1467,1352,1365,-1,1425,1388,1330,-1,1727,1678,-1
Loews Regency New York Hotel,1715,1845,1715,-1,1595,1595,-1,-1,1715,1675,1715,-1,1635,1675,1715,-1,1635,1675,-1,-1,1675,1715,1675,1635,3095,3195,3295,3395,2895,3095,3195,3095,3195,3295,3195,3895,-1,3195,3295,3495,-1,3345,-1,-1,3445,3395,3345,3495,-1,3595,3895,-1,3095,3195,-1,-1,-1,-1,-1,-1,3035,3015,3085,-1,3295,3015,3085,3345,2855,3195,3345,3295,3145,3045,3045,2895,2625,2680,2715,2885,2855,3015,2850,2985,3295,3195,2636,2676,3095,2476,2436,2476,3095,2276,2236,2595,2236,2276,2476,2516,2676,2436,2316,2716,2195,2436,2316,2516,2645,2645,2495,2595,2196,2316,2795,2276,2695,2795,2695,-1,3095,2395,2316,2795,2276,2276,2316,2316,2845,1995,1995,1995,2395,1995,1995,2595,2795,-1,-1,-1,1745,1876,1916,1956,2145,2036,2045,2116,-1,-1,2415,2555,-1,-1,2415,2855,-1,-1,2745,-1
Viceroy New York,1495,1545,1805,1625,1465,-1,-1,-1,1345,1390,1435,1462,1225,1305,1385,1426,1318,1336,-1,-1,-1,-1,-1,1415,-1,-1,-1,-1,2119,2398,2335,2560,-1,1714,2101,-1,2488,2200,2614,2524,1930,2275,2119,2506,2325,2125,2245,2245,2365,2146,2280,2282,1987,2092,1642,-1,2725,1840,2184,2645,-1,2455,2575,2515,2205,2125,2245,1984,2080,2399,2199,2318,2524,2056,2362,2345,2085,2035,2115,2225,1936,2139,2048,2402,2375,2362,2316,2402,2035,2125,2215,2197,2056,1935,1705,1725,2225,1855,1905,2152,2295,2245,2012,2315,1835,1885,1939,1885,1735,1705,1675,1735,2165,1939,1859,-1,2128,2084,-1,-1,-1,-1,1947,1901,-1,1625,1705,1999,-1,-1,1785,1865,1925,1822,1761,1915,1648,1761,1835,1732,1285,1285,1491,1245,1605,1525,1565,1565,1552,1505,1457,1605,-1,1655,1885,-1,2375,2015,-1,-1
Four Seasons Hotel New York,3090,3255,-1,-1,-1,-1,-1,-1,3090,3255,-1,-1,-1,3255,-1,-1,3035,3145,-1,-1,-1,-1,-1,-1,5195,5215,5385,5605,-1,-1,5195,4995,5355,5105,5215,6035,5375,5375,5675,5575,4875,4875,4875,4995,-1,-1,-1,-1,-1,-1,-1,-1,-1,6275,5035,5405,5255,4575,5675,7175,-1,-1,5235,5255,-1,4575,4675,4775,4475,4575,4675,-1,4375,4375,4675,4525,5065,5825,5035,5255,-1,-1,5035,-1,5405,5125,5235,5255,4995,4815,4675,4775,4475,4575,4675,4875,4775,4675,4575,4475,4875,4875,5025,5355,4995,4875,5235,4775,4875,4875,4675,5075,5355,4875,5335,-1,4875,5235,5115,-1,-1,-1,-1,5355,-1,-1,5235,5355,-1,-1,5235,-1,4875,4875,4975,5095,-1,-1,-1,-1,4775,4375,4375,4375,4290,4348,4272,4290,4375,4375,4375,4475,4375,4675,4575,4645,4975,5035,4815,-1
Langham Place New York Fifth Avenue,3075,2823,3126,2055,1695,2823,1785,-1,2054,2093,2073,2133,1955,2081,2141,2371,1725,1905,1935,-1,-1,-1,-1,2169,4101,4247,4017,-1,-1,4067,-1,-1,-1,3847,-1,-1,4154,3908,4429,4480,3464,4201,3847,-1,-1,-1,-1,-1,3201,3072,3072,3331,3506,3464,-1,4613,3464,-1,-1,-1,3588,3581,3961,4480,3434,3431,3671,3833,3254,3453,-1,3434,-1,-1,-1,-1,3138,2812,3208,3337,2852,3133,3063,-1,3711,3063,3507,3273,2993,3028,3168,-1,2519,-1,3379,-1,-1,3294,-1,-1,3823,3242,3571,3833,3273,3368,3606,3817,2906,-1,-1,-1,-1,-1,-1,-1,-1,-1,-1,-1,3431,2993,3098,3238,2923,2888,3028,3168,-1,2901,2937,-1,-1,-1,-1,3445,2889,3172,3281,3452,-1,-1,-1,-1,2853,2853,3028,-1,2538,-1,-1,-1,2661,-1,-1,2834,-1,-1,3342,3353
The Carlyle A Rosewood Hotel,-1,-1,-1,-1,-1,-1,-1,-1,-1,-1,-1,-1,-1,-1,-1,-1,4080,4140,-1,3060,4140,4560,-1,3285,-1,5100,5100,-1,3870,3960,3960,3870,-1,3825,3825,3870,4140,4095,4230,4365,3870,3915,3960,-1,-1,-1,-1,-1,-1,-1,-1,-1,-1,-1,-1,-1,-1,-1,-1,-1,-1,-1,-1,-1,-1,3780,3870,3960,-1,-1,-1,-1,-1,-1,-1,-1,-1,-1,-1,5820,-1,-1,-1,-1,3960,3960,4140,4140,4560,4740,4860,-1,-1,-1,-1,-1,-1,-1,-1,-1,-1,-1,-1,-1,-1,-1,-1,-1,-1,-1,-1,-1,-1,-1,-1,-1,-1,5340,-1,-1,-1,3420,3555,3690,3285,3420,3555,3690,3645,3690,3735,-1,-1,-1,-1,-1,-1,-1,-1,-1,-1,-1,-1,-1,-1,-1,-1,-1,-1,-1,-1,-1,-1,-1,-1,-1,-1,-1,-1,-1
DoubleTree by Hilton Metropolitan - New York City,777,805,1015,985,-1,-1,709,785,845,-1,-1,-1,935,-1,-1,-1,-1,835,935,-1,-1,785,-1,-1,1475,1605,1645,1625,-1,1305,-1,-1,1795,1695,1490,1422,1915,1735,1955,1995,-1,1475,-1,-1,1675,1545,1235,-1,1349,1385,1835,1405,1325,1329,1335,1345,1375,1335,1325,1525,1835,1975,1835,1655,1445,1405,1685,1335,1225,1055,1055,-1,1535,1465,1285,-1,1555,-1,-1,1515,1399,-1,1355,1375,-1,-1,1635,1574,1565,-1,1545,1465,-1,-1,1245,-1,-1,1311,1455,-1,-1,1575,1141,-1,-1,983,1057,1061,-1,1057,886,873,1163,916,983,-1,993,1057,1317,1313,-1,1073,-1,-1,917,1020,987,1133,867,853,850,837,1275,915,1065,980,854,1277,-1,905,1008,1008,964,827,-1,-1,940,-1,-1,878,-1,-1,928,1063,1013,884,1591,1495,1206,1168
Magnuson Convention Center Hotel,1046,1070,1071,1046,848,867,870,853,911,935,918,898,723,739,737,718,671,685,683,671,711,730,730,716,1229,1258,1252,1222,1227,1253,1244,1239,-1,1077,1081,1060,1384,1413,-1,-1,1230,1260,1246,1240,1236,1252,1243,1220,1263,1289,1279,-1,1168,1194,1238,1220,1140,1136,1137,1112,-1,-1,-1,-1,1314,1345,1332,-1,1131,1157,1140,1124,1115,1145,1138,1116,-1,-1,-1,-1,1163,1193,1171,1154,1185,1209,1216,1188,-1,1240,1239,-1,1156,1185,-1,-1,1062,1090,1073,1055,-1,1102,1106,1082,1112,1136,1139,-1,-1,-1,-1,-1,-1,1102,1096,1074,1055,1080,1073,1052,998,-1,-1,-1,-1,-1,-1,-1,853,874,862,849,-1,912,907,889,-1,-1,-1,-1,743,757,758,742,-1,-1,-1,-1,-1,-1,-1,-1,-1,-1,-1,-1,-1,-1,-1,-1
Hilton Garden Inn New York West 35th Street,1109,1000,1089,975,1022,1064,1022,1007,1258,1000,1000,958,876,984,1035,975,1040,882,848,855,1000,1098,1056,1109,1411,1381,1477,1477,1441,1333,1300,1200,1511,1470,1335,1441,1509,1551,1619,1670,1524,1375,1420,1424,1315,1275,1167,1373,1584,1629,1619,1585,-1,1535,1431,1453,1636,1619,1531,1473,2195,1745,1725,1676,1540,1505,1511,1469,-1,1443,1359,1424,1723,1651,1505,1540,1509,1449,1426,1418,1304,1284,1301,-1,1557,1600,1688,-1,1350,-1,-1,1284,1455,1365,1457,1424,1511,1575,1435,1441,1727,1603,1591,1673,-1,1313,1216,-1,-1,1171,1111,1078,1352,1335,1165,1258,-1,-1,1324,-1,-1,-1,-1,-1,982,1035,1094,-1,-1,-1,-1,1102,1279,1309,1072,993,1023,1146,1154,1135,-1,-1,-1,-1,-1,1061,966,1243,-1,925,1204,1251,-1,1202,1058,981,1428,1306,1306,-1
Hilton Garden Inn New York-Times Square Central,1202,1192,1240,1211,-1,-1,-1,966,968,989,1142,1195,-1,-1,-1,-1,-1,-1,946,940,-1,1075,1075,985,-1,1525,1634,1569,1464,1410,1376,1543,1792,1615,1615,-1,-1,-1,1876,1899,1678,1723,1375,1355,1665,1524,1425,1585,-1,1669,1759,1722,1775,-1,-1,1657,1897,1385,1669,1724,-1,-1,-1,1620,1701,1669,-1,1548,1684,1769,-1,1713,1685,1764,1605,1655,1735,1603,1845,1588,1542,1575,1559,1525,-1,1605,1725,-1,1545,1591,1594,1554,-1,1629,-1,-1,-1,1563,1715,-1,1565,-1,-1,-1,1383,1365,-1,-1,1399,1335,-1,1228,1408,-1,1219,1372,1565,1345,-1,-1,-1,-1,-1,-1,1273,-1,1324,1282,1395,995,1235,1255,1365,-1,-1,-1,1142,-1,-1,1233,-1,-1,-1,-1,1095,1157,1205,1207,-1,1075,1137,-1,1965,1501,1270,1118,-1,-1,-1,-1
Conrad New York,-1,1635,1615,1915,1755,1585,1515,1645,1325,1365,1525,1696,1405,1455,1598,-1,1715,1547,1455,1405,1695,-1,1675,-1,-1,-1,2355,-1,-1,2125,-1,-1,2765,2525,-1,-1,-1,-1,-1,-1,-1,-1,2495,2475,2325,2155,2045,2475,-1,-1,-1,2985,-1,-1,2915,2985,2445,2245,2045,2555,-1,-1,2715,2945,1925,2105,2285,-1,-1,2375,2165,1955,2585,2375,2165,-1,-1,-1,-1,2985,-1,2795,2915,2985,-1,2135,2195,2345,2015,2135,2215,2635,-1,2505,2375,-1,2465,2615,2339,-1,-1,-1,2495,2775,-1,2145,2445,-1,-1,1405,1285,1165,2375,2255,1895,2075,2475,2275,2285,-1,-1,2255,2355,2465,2235,1685,2065,2415,-1,2225,1895,1595,2375,2255,2375,-1,1515,1685,2005,2195,-1,997,973,1075,1575,1485,1395,1355,-1,-1,1955,2305,2665,2335,2425,2495,2424,2261,2475,-1
Wyndham Garden Brooklyn Sunset Park,-1,1095,-1,-1,1135,1135,-1,-1,1012,896,888,-1,-1,786,-1,-1,-1,-1,-1,-1,-1,-1,-1,-1,1155,1065,-1,-1,-1,-1,993,-1,-1,-1,-1,-1,-1,1174,1235,-1,-1,-1,-1,-1,-1,1205,-1,-1,-1,1042,1295,-1,-1,-1,-1,-1,1185,1016,1042,-1,1315,1271,-1,-1,-1,1042,1089,1170,-1,1116,1042,1170,-1,1016,1042,-1,-1,1042,1205,1062,1225,-1,1042,1107,-1,1042,1016,1017,1107,963,981,-1,1107,1071,1042,1062,-1,981,926,1062,-1,820,786,-1,-1,820,-1,-1,-1,-1,820,-1,-1,786,820,-1,784,786,820,-1,-1,803,760,-1,-1,803,837,-1,-1,-1,803,-1,-1,760,803,-1,-1,752,837,-1,737,726,752,-1,-1,905,922,-1,-1,-1,738,-1,-1,726,752,-1,-1,726,871,-1
Hilton Newark Airport,610,670,670,-1,-1,-1,670,610,544,670,637,-1,610,670,670,-1,-1,-1,670,610,710,-1,700,-1,570,640,710,-1,-1,-1,660,590,780,750,680,-1,650,700,710,-1,-1,-1,700,-1,800,750,-1,-1,760,850,-1,-1,-1,-1,-1,-1,-1,-1,-1,-1,-1,-1,-1,-1,640,680,720,-1,850,-1,-1,-1,-1,-1,-1,-1,660,720,780,-1,-1,-1,720,660,-1,720,770,820,660,710,760,-1,-1,-1,700,650,-1,750,700,-1,-1,760,790,-1,650,700,750,-1,-1,-1,-1,-1,-1,-1,-1,-1,-1,750,-1,-1,-1,700,750,800,650,700,750,-1,-1,-1,700,660,-1,750,720,-1,580,660,710,780,-1,-1,-1,-1,540,580,620,660,660,620,-1,590,660,-1,680,590,-1,-1,680,-1
Omni Berkshire Place,1385,1303,1389,1477,1313,1342,1489,1566,1170,1178,1306,1393,1059,1116,1347,1314,1217,1156,1116,1060,1217,1180,1259,1962,-1,2416,2785,2945,2182,2044,1956,2036,2207,2124,2042,-1,-1,2445,2545,2569,-1,-1,-1,-1,2037,1887,1796,2237,2535,-1,-1,-1,-1,-1,1876,1796,2036,1956,1908,-1,-1,-1,-1,-1,-1,2005,2045,1965,-1,1835,-1,-1,-1,2105,-1,-1,-1,-1,-1,-1,-1,-1,-1,-1,-1,-1,-1,-1,-1,-1,-1,-1,1739,1683,1717,-1,-1,-1,-1,-1,-1,-1,-1,-1,1905,-1,1675,1715,2115,1715,1865,1755,2175,2005,1895,1815,2385,2005,1985,-1,2525,-1,2005,2205,1935,1835,2005,2155,-1,2135,-1,-1,2055,1915,-1,1805,-1,-1,-1,1545,-1,1360,1345,1245,-1,1423,1151,-1,-1,1143,1151,1650,2095,1937,2113,2054,2655,-1,-1,2315
Hilton Times Square,1430,1519,1630,-1,1440,1290,-1,1430,1467,1409,1585,-1,1165,1185,1458,1394,1403,999,969,1596,-1,-1,1245,1311,-1,-1,1918,1854,1467,2047,1651,1743,1854,1863,2019,1935,-1,1936,2028,2231,1863,1807,1780,1753,1775,1734,1535,-1,2025,2085,2385,2111,2017,1935,1890,1899,1918,1863,1771,2055,2225,2177,2149,2126,1677,1729,1918,1667,1665,-1,1717,1990,-1,1840,1842,-1,2145,2195,2295,1854,-1,1918,1623,1863,-1,2199,1973,1974,-1,1835,2056,1854,2158,-1,1568,2010,1743,1973,1688,-1,-1,1680,1761,1918,1469,1483,1648,1633,1642,1550,1624,1437,1558,1685,1368,1636,1580,1685,1580,1636,1615,1650,1632,-1,1510,1307,1550,1477,1486,1518,1267,1558,1655,1330,1332,1535,1581,1304,1388,1357,1030,1209,1077,-1,-1,-1,1152,1257,-1,1192,1150,1345,-1,1386,1539,1311,1974,1680,1454,1398
Park Hyatt New York,3225,3455,3455,3678,3678,3275,3255,3225,3925,-1,3455,3678,-1,-1,-1,-1,-1,-1,-1,-1,-1,-1,-1,-1,-1,4813,-1,-1,-1,-1,-1,-1,-1,-1,-1,-1,5025,-1,-1,-1,-1,-1,4975,4675,-1,-1,4975,-1,5675,4725,4775,-1,-1,-1,-1,-1,-1,-1,-1,-1,-1,4753,4798,-1,-1,-1,-1,-1,-1,-1,-1,-1,-1,-1,-1,-1,-1,4253,4298,-1,4208,4253,4298,-1,-1,-1,-1,-1,-1,-1,-1,-1,-1,-1,-1,-1,-1,-1,-1,-1,-1,-1,-1,-1,-1,4753,4798,4843,4708,4753,4798,-1,-1,-1,-1,-1,-1,-1,4525,-1,-1,-1,4798,4843,-1,4753,4798,4843,-1,-1,-1,-1,-1,-1,-1,-1,-1,4753,4798,4708,3623,3578,4393,-1,-1,-1,-1,-1,-1,-1,-1,-1,-1,-1,-1,-1,-1,-1,-1,-1
Homewood Suites by Hilton NY Midtown Manhattan Times Square,1195,1245,1295,1315,1425,1355,1315,1195,-1,-1,-1,-1,-1,-1,-1,-1,1315,1165,995,945,1475,1155,1135,1435,1715,1695,1795,1625,-1,1695,1295,1445,1795,-1,1465,-1,1745,-1,1695,1695,-1,1755,1685,1445,1825,1505,1475,1415,1815,-1,2045,-1,-1,1415,1435,1675,1815,1605,-1,-1,-1,-1,-1,-1,1605,1715,1645,1575,-1,1545,1555,-1,1715,1795,1595,1725,-1,-1,-1,1655,1675,1545,1735,-1,-1,1805,1745,-1,1795,1745,1745,1585,-1,1645,-1,-1,1675,1835,-1,-1,-1,1645,1585,-1,1015,1085,1175,1505,-1,975,1645,1495,1385,1705,1685,-1,1725,1705,1835,-1,-1,1275,1445,-1,1185,1135,1185,1445,-1,1265,-1,-1,1315,1295,1095,1295,-1,-1,-1,-1,-1,-1,1145,975,-1,-1,-1,1355,1417,-1,1525,-1,-1,-1,-1,-1,-1,-1,-1,-1
Grand Hyatt New York,1183,1249,1311,1333,1155,1053,1111,1057,-1,-1,-1,1111,965,1183,1183,1291,1048,1057,1093,1075,1215,1164,-1,1169,-1,-1,-1,1935,1555,-1,1555,-1,1935,-1,1535,1455,-1,-1,-1,2235,1835,1835,1815,1715,1855,-1,1595,1715,-1,-1,-1,1575,-1,1705,1555,1475,1835,1775,1595,-1,-1,1955,1815,1855,1715,-1,1715,1655,-1,-1,-1,1635,-1,1815,1795,1855,-1,-1,-1,-1,-1,-1,-1,2045,-1,-1,1695,1815,1915,1795,1935,-1,-1,1795,1695,-1,1955,1815,1835,1875,-1,1765,1765,1745,1515,1535,1515,1775,-1,-1,-1,-1,1599,1647,1527,1735,1865,1681,1815,-1,1545,1345,1505,1525,1155,1255,1315,1335,1335,1195,1215,1115,-1,1435,1295,1455,1215,1435,1415,1033,1125,-1,-1,1021,949,1027,1027,1435,1073,1255,1129,949,-1,1795,1435,1285,1909,1825,1731,-1
The Plaza Hotel,2969,3038,2725,2969,-1,2975,2788,2969,3219,3131,2944,-1,3069,3075,2813,3056,-1,3063,2969,-1,-1,-1,-1,-1,-1,4650,-1,-1,-1,-1,-1,-1,-1,-1,-1,-1,-1,-1,5550,-1,-1,-1,-1,-1,-1,-1,-1,-1,-1,5610,5405,5305,-1,-1,-1,-1,-1,-1,-1,-1,-1,5460,5515,5520,5236,3938,5515,-1,5030,5140,3863,5147,-1,4240,3863,3938,5236,4107,4189,5550,4148,5460,4944,5147,3953,3900,-1,-1,3863,3743,3833,3878,3773,3705,3750,3825,3765,3675,3638,3750,-1,3743,3750,4088,3765,3713,3750,3698,4088,3608,3720,3713,3848,3593,3608,3773,3563,3593,3608,3773,3848,3720,3713,3638,3773,3870,3938,3863,-1,-1,-1,-1,3825,3825,3825,3848,3765,3750,3713,3638,3728,3780,-1,-1,3384,3475,3495,3938,3765,3355,3355,-1,3578,3355,3598,-1,4128,-1,4140,4058
Quality Inn Woodside,-1,-1,-1,-1,-1,789,736,788,-1,607,568,-1,-1,718,-1,-1,-1,-1,732,704,-1,704,704,-1,-1,-1,-1,-1,-1,-1,792,-1,-1,744,792,-1,-1,-1,-1,-1,-1,-1,-1,-1,-1,-1,-1,-1,-1,-1,-1,-1,-1,742,1140,-1,-1,-1,890,1000,-1,940,-1,-1,-1,1140,1060,1000,-1,1075,990,-1,-1,1010,1140,-1,960,1000,1082,-1,920,980,1140,-1,-1,728,-1,-1,-1,-1,-1,-1,-1,742,745,-1,-1,700,745,-1,-1,725,680,-1,-1,660,554,-1,614,520,557,-1,498,524,557,-1,-1,554,520,498,-1,634,596,566,-1,604,608,-1,578,608,651,-1,-1,612,604,578,-1,520,514,-1,-1,508,478,458,-1,604,648,-1,578,608,651,-1,-1,-1,-1,-1,-1,-1,-1,-1
Hyatt Union Square New York,1349,-1,1363,-1,-1,-1,-1,-1,1349,-1,1529,-1,1714,-1,-1,-1,-1,-1,-1,-1,-1,-1,-1,-1,1990,1971,2123,2161,1838,1933,1819,1952,2294,-1,2009,-1,-1,-1,-1,-1,-1,-1,-1,-1,1894,-1,-1,-1,-1,-1,-1,-1,-1,-1,-1,-1,-1,2006,1867,1867,2313,2065,2173,2101,1902,1831,-1,1967,1853,1773,-1,2104,1777,1949,1759,1871,2273,-1,2255,-1,-1,1975,-1,1993,-1,-1,2000,1873,-1,1903,2029,-1,1813,1849,-1,-1,1662,-1,-1,1662,1866,1848,1882,1966,-1,-1,-1,-1,-1,2015,1610,-1,-1,-1,1627,-1,-1,1763,1831,1900,-1,-1,1916,1730,1832,1848,1882,1883,1662,1712,1644,1577,1713,1729,1576,1662,1390,1491,1593,1594,-1,-1,1063,-1,-1,-1,-1,-1,-1,-1,-1,-1,1761,1764,1676,1732,1974,1927,-1,-1
Le Parker Meridien New York,-1,-1,-1,-1,-1,-1,-1,-1,-1,-1,-1,-1,1264,1305,1344,-1,-1,1354,1312,1274,-1,1454,1415,-1,-1,-1,-1,-1,1830,1888,1883,1794,2181,2075,1994,-1,2028,2095,2153,2228,1950,2008,2044,1988,2235,1903,2105,2033,2124,2198,2258,2323,2200,2190,2076,2021,2365,2301,2142,-1,1830,1890,1954,2010,-1,2096,-1,1788,1941,1896,1878,1805,2435,2213,2140,-1,-1,2016,2076,2148,-1,-1,-1,-1,-1,-1,-1,-1,-1,-1,-1,-1,-1,-1,-1,-1,-1,-1,-1,-1,-1,2216,2284,2228,1903,1967,2021,2085,1954,1901,1841,1853,2033,1960,1906,-1,2188,2134,-1,-1,-1,1896,1949,1998,1753,1785,1834,1881,1771,1722,1665,1611,2073,1939,1885,-1,-1,-1,-1,-1,1324,1361,1399,1436,-1,1708,-1,-1,-1,-1,-1,-1,2268,2168,2129,2055,2588,2549,2474,-1
The New York EDITION,-1,1950,1900,-1,-1,1925,1925,-1,-1,1950,1900,-1,-1,1950,1900,-1,-1,1925,1925,-1,-1,1900,1950,-1,-1,2581,2878,3460,-1,2747,2731,-1,-1,2369,2191,-1,-1,2191,2369,-1,-1,-1,-1,-1,-1,2561,2383,-1,-1,2343,2521,-1,-1,-1,-1,-1,-1,2475,2303,-1,-1,2581,2878,-1,-1,2373,2461,-1,-1,-1,-1,-1,-1,2580,2373,-1,-1,2373,2246,-1,-1,-1,-1,-1,-1,-1,2305,-1,-1,2373,2246,-1,-1,-1,-1,-1,-1,2246,-1,-1,-1,-1,2305,-1,-1,-1,2246,-1,-1,-1,-1,-1,-1,2246,-1,-1,-1,2305,-1,-1,-1,-1,2305,-1,-1,-1,2246,-1,-1,-1,-1,-1,-1,2126,-1,-1,-1,-1,1880,-1,-1,1688,-1,-1,-1,-1,1688,-1,-1,-1,-1,-1,-1,2061,-1,-1,-1,2231,-1,-1
W New York - Union Square,-1,1465,1518,1572,-1,-1,-1,-1,-1,1577,-1,-1,-1,-1,-1,-1,-1,-1,-1,-1,-1,-1,-1,-1,-1,-1,-1,-1,-1,2514,-1,-1,-1,2543,2597,-1,-1,-1,-1,-1,-1,-1,-1,-1,-1,2355,2312,-1,-1,-1,-1,-1,-1,2371,2323,-1,-1,2379,-1,-1,2385,2443,2491,-1,-1,2396,2443,-1,-1,2226,2181,2146,-1,2291,2256,2599,2222,2278,2324,-1,-1,2296,2250,2213,-1,2273,2321,-1,2351,2121,2161,-1,-1,2163,2121,2082,2357,2249,2210,-1,-1,2471,2527,2724,-1,2252,2327,-1,-1,2248,-1,-1,2277,2183,2124,-1,2415,2356,-1,-1,-1,-1,2406,2485,2204,2159,2237,2315,-1,2259,2215,2175,2251,2172,2101,-1,1729,1763,1819,-1,-1,-1,-1,-1,1588,1532,1597,1661,-1,-1,-1,1857,-1,-1,-1,-1,-1,-1,-1,-1
Renaissance Newark Airport Hotel,-1,-1,-1,1185,-1,-1,-1,-1,-1,-1,-1,1185,875,945,-1,1165,-1,1075,-1,875,1155,-1,955,-1,855,935,1025,-1,-1,1045,-1,865,1115,-1,925,-1,-1,935,1015,-1,-1,-1,-1,895,1105,-1,945,-1,875,955,-1,-1,-1,1065,-1,875,1165,-1,975,-1,1015,-1,-1,-1,935,1055,-1,1145,-1,1035,1255,925,1115,1165,1065,-1,-1,-1,-1,-1,-1,1065,-1,945,-1,1015,-1,-1,885,985,-1,-1,-1,1035,-1,885,1135,1025,975,-1,-1,-1,-1,-1,885,965,-1,-1,-1,1045,-1,905,1155,-1,1015,-1,1145,1125,-1,-1,-1,1005,1085,1215,761,829,922,-1,-1,1055,821,770,1165,-1,965,-1,-1,812,914,-1,-1,-1,-1,-1,-1,-1,-1,-1,1135,1015,814,775,1115,-1,935,-1,-1,1055,-1,-1
Hampton Inn New York - 35th Street - Empire State Building,-1,1182,1182,-1,-1,1192,1192,1138,-1,-1,1307,-1,-1,-1,-1,1005,-1,-1,955,-1,-1,1031,-1,-1,1418,-1,-1,1380,-1,1156,1248,-1,-1,1695,1465,1575,1875,-1,2155,-1,-1,-1,-1,-1,-1,1598,1616,-1,-1,1727,1684,-1,-1,-1,-1,1695,-1,-1,-1,-1,2064,2041,2089,1926,-1,1547,1588,1585,1525,1585,-1,-1,1489,1403,1329,1310,1730,1749,1664,1695,-1,-1,-1,-1,1872,1667,1762,1753,1601,1649,1649,1820,-1,-1,-1,-1,1556,1378,1342,1417,-1,1306,1335,-1,1150,1159,1188,1216,1354,1285,1184,1074,1300,1269,1159,1140,-1,1235,-1,-1,-1,1294,-1,-1,-1,1222,-1,1065,1178,1196,933,1086,1168,1157,1157,1000,1008,969,1162,1233,-1,915,919,852,1143,-1,1090,1081,-1,1043,995,1115,-1,1092,965,992,-1,1413,1299,1316
The Lexington New York City Autograph Collection,-1,-1,-1,-1,-1,-1,-1,-1,-1,-1,-1,-1,920,950,815,846,-1,-1,877,865,-1,1028,1006,-1,1413,1453,1533,1528,1479,1384,1222,1265,-1,1477,1420,-1,1648,1689,1770,1752,-1,-1,1570,1604,-1,1643,1324,-1,1805,-1,-1,1763,-1,-1,1396,1406,-1,-1,-1,-1,1616,-1,-1,1795,1256,1319,1513,1643,-1,1229,1148,1159,-1,1314,1285,-1,1445,1571,-1,-1,1532,1477,1270,1308,-1,1468,1553,-1,1214,1254,1354,-1,1538,1274,1382,1397,1437,1357,1485,-1,-1,1484,1624,-1,1264,1390,-1,-1,1144,1142,1102,1122,-1,1403,1377,-1,-1,-1,-1,-1,-1,1380,-1,-1,1101,1228,-1,-1,-1,-1,-1,1101,-1,-1,1227,-1,-1,-1,-1,-1,-1,-1,-1,-1,778,816,1053,-1,-1,736,940,974,-1,1113,977,1108,1576,1372,1334,-1
The Roosevelt Hotel New York City,935,-1,-1,935,-1,-1,-1,-1,1075,875,915,935,975,895,915,935,895,875,875,-1,-1,-1,-1,-1,1555,-1,-1,-1,1695,1615,1115,1775,-1,1455,1655,-1,-1,1835,1915,2055,1315,1335,1275,1715,1215,955,1715,-1,1735,-1,-1,1475,1315,1335,1455,1455,2055,1375,1775,-1,-1,1755,1835,1835,1535,1415,1415,1395,1335,1335,1235,2135,1535,1335,1651,1535,1555,1597,1595,1595,1291,1395,1375,1435,1575,1435,1515,1831,1495,1375,1455,1555,1273,1345,1327,1363,-1,1381,1435,-1,1215,1435,1235,1435,1535,1381,1775,1095,1129,1147,1075,1183,-1,-1,-1,-1,1395,1415,-1,-1,-1,1135,1165,1183,1039,1015,1075,1095,935,935,875,-1,913,975,915,1035,1055,1055,1035,1095,715,995,735,995,1015,1035,1075,1095,1035,-1,935,-1,1235,1195,1195,-1,1335,-1,-1,1315
Hilton Garden Inn New York Midtown Park Ave,1035,1065,1125,1185,-1,1038,1010,926,1092,1057,1125,1057,962,1046,961,1057,-1,920,955,894,1187,1017,1038,1102,1412,1403,1518,-1,-1,1400,1427,1225,1565,-1,1465,-1,1865,1895,2065,2195,1635,1605,1635,-1,1485,1425,1425,1485,-1,-1,-1,-1,1455,1395,1305,1436,1588,1515,1575,1435,-1,-1,1785,1755,1845,1605,1635,1605,-1,1454,1342,1436,-1,-1,-1,-1,1543,1635,1571,1604,-1,-1,1423,1885,-1,1665,1725,-1,1455,1515,1635,1485,-1,1335,1275,1275,1455,1305,1395,1485,-1,-1,-1,-1,1365,1425,1298,1380,-1,-1,-1,-1,1305,1255,1215,1185,1289,1335,1335,1455,-1,-1,-1,-1,1155,1243,-1,-1,-1,-1,-1,-1,1162,1205,1285,1130,1215,1155,-1,1125,-1,1065,935,805,-1,1257,975,-1,967,994,1143,1225,-1,1285,1182,1152,1495,1343,-1,-1
McCarren Hotel & Pool,-1,-1,2225,-1,1889,2019,1951,-1,1896,3150,-1,-1,1620,1601,1685,1639,1660,1534,1487,1563,1412,1401,1487,-1,-1,2219,2660,2190,2304,1962,2076,-1,-1,2125,2120,2200,3231,2399,2648,2380,2304,2988,2219,3136,2889,2057,2638,2725,1734,2076,2076,-1,2190,1915,-1,-1,1800,2200,-1,-1,2470,2637,2057,2218,2399,2447,-1,2337,-1,-1,2133,2180,-1,-1,-1,-1,2142,2730,2533,2133,2142,-1,2010,2152,-1,-1,-1,-1,-1,-1,-1,1691,1655,1737,1648,1696,-1,1510,1648,-1,1805,1648,-1,1870,1805,-1,1619,-1,-1,1680,-1,-1,1643,1769,1943,2075,1511,1674,1547,2002,-1,1667,-1,1422,-1,-1,1703,-1,-1,-1,-1,-1,1522,-1,-1,-1,-1,-1,-1,-1,1120,1209,1385,1602,-1,-1,1335,-1,1521,1373,1554,1648,1402,1354,1406,1455,1127,-1,-1,-1
Cassa Hotel 45th Street,1335,1395,1515,1545,1235,1645,1315,1435,1205,1265,1365,1345,1145,1245,1165,1435,1155,-1,1085,1075,-1,1085,1315,-1,-1,-1,1895,1955,-1,1815,1815,1935,1925,1785,-1,-1,-1,1975,2015,2015,1755,1665,1815,2355,-1,1635,-1,-1,-1,-1,-1,-1,-1,2095,1935,2175,-1,1715,1924,2095,-1,2361,2225,2361,1775,1915,2342,2001,1735,1863,1872,2028,-1,1410,-1,-1,2103,2129,2231,2332,1946,1964,1658,-1,-1,1675,1885,-1,1775,1702,2185,2104,1308,-1,1918,-1,-1,1778,-1,-1,-1,1857,1173,1955,-1,1549,1891,1354,1283,1964,1449,1937,-1,1190,-1,-1,1210,1597,-1,-1,-1,1597,1016,-1,1578,1259,1278,1446,1192,1171,1268,-1,1246,1191,1487,-1,1246,989,1026,1504,961,1062,1090,-1,1285,1305,1295,1385,1610,1175,1165,-1,1475,1355,-1,-1,1283,-1,-1,-1
Hyatt Herald Square New York,1165,1305,-1,-1,-1,-1,-1,1194,1075,1055,-1,1487,974,949,976,-1,1254,1001,1136,974,1229,1136,1118,1225,1478,1496,1604,-1,1595,-1,-1,-1,-1,1649,1631,1658,-1,-1,2144,-1,-1,-1,-1,1955,-1,-1,2090,-1,-1,-1,-1,-1,1523,1541,1523,-1,-1,-1,-1,-1,1867,1975,1849,1858,1957,1757,1485,1465,1523,1625,1485,1471,1465,1485,-1,-1,1588,-1,1633,1595,1471,1462,1498,1471,-1,1766,2009,-1,1496,1487,-1,1532,-1,1336,1336,1318,1465,1445,1475,-1,1642,-1,1633,-1,1498,1471,1385,1415,-1,-1,-1,-1,1453,1361,1352,1498,-1,1271,1475,1465,1498,-1,1336,1255,1318,1120,1165,1315,1255,1111,1145,1425,-1,1249,1215,1265,1163,1199,1190,1208,992,-1,974,-1,-1,1055,1085,1208,1055,1199,1085,-1,1307,1295,1305,-1,1514,1514,1505,1935
Martha Washington,1633,1563,1759,1746,1384,-1,1460,-1,1237,1119,1157,-1,-1,-1,-1,-1,-1,-1,-1,-1,-1,-1,-1,-1,2275,1835,2045,2075,1705,1955,1905,2155,-1,1555,-1,-1,2475,2055,2125,2075,1274,1417,1542,2375,-1,1525,-1,-1,-1,1875,2085,2075,1575,1265,1675,1145,-1,1425,-1,-1,2125,1995,2275,2275,1475,1555,1715,2265,1235,1515,1595,-1,-1,1225,-1,-1,1575,1455,1635,1665,1395,1955,1375,-1,-1,1575,1455,1615,1455,1335,1595,1585,1225,-1,1375,-1,-1,-1,-1,-1,-1,1355,1615,1875,1346,1485,1615,1665,1257,1265,1435,-1,-1,-1,-1,-1,1204,1455,1395,1505,-1,1365,1435,-1,-1,1265,-1,-1,1245,-1,-1,-1,-1,-1,-1,-1,1077,1106,-1,1229,705,720,-1,-1,-1,-1,-1,-1,-1,1139,1375,-1,-1,-1,1435,1785,1346,1225,1438,1494
W New York Times Square,1529,1561,1482,1625,-1,1387,1371,1665,1461,1328,1382,1683,1195,1180,1280,-1,-1,1222,1477,1465,1305,-1,-1,-1,1975,-1,1950,2095,-1,-1,-1,-1,-1,-1,-1,-1,2150,-1,2110,2115,1984,1940,-1,2102,-1,-1,-1,1822,1901,1966,2028,2127,2009,2098,-1,1771,2137,-1,-1,-1,-1,-1,-1,-1,-1,1970,2048,2127,-1,-1,-1,-1,1761,-1,1970,-1,1935,1965,2021,2141,1837,1830,1852,1911,-1,-1,-1,-1,-1,-1,2297,1803,2100,1644,1666,1733,-1,-1,-1,-1,-1,1818,1810,1893,1683,1624,1690,1753,1477,1470,1503,1536,1707,1607,1586,1509,1780,1758,1682,1849,-1,1658,1729,1793,1461,1534,1439,1637,-1,1328,1429,1457,-1,1550,1534,1461,1361,1428,1484,1587,1253,1252,1203,1153,1299,1322,1361,1889,-1,-1,-1,-1,-1,-1,-1,-1,-1,-1,-1,-1
Hyatt Place New York Midtown South,-1,-1,-1,-1,-1,-1,-1,-1,-1,-1,-1,-1,-1,-1,-1,-1,-1,-1,-1,-1,-1,-1,845,825,-1,-1,1468,-1,-1,-1,-1,1496,-1,-1,-1,-1,-1,1667,1705,1734,-1,-1,-1,-1,1582,1560,-1,1582,-1,-1,-1,1734,-1,-1,-1,-1,1425,1395,-1,1395,-1,-1,-1,2066,-1,-1,-1,-1,-1,-1,1563,-1,-1,1295,1255,-1,-1,-1,-1,-1,-1,1516,1390,-1,-1,1435,-1,-1,1417,-1,-1,-1,-1,-1,1485,-1,-1,1255,1516,-1,-1,1489,1480,-1,1165,1156,1201,1255,-1,-1,1255,-1,-1,1174,1156,-1,1390,1390,-1,1390,1295,1295,1295,1245,1065,945,1045,945,-1,976,1246,-1,-1,1085,-1,-1,-1,931,976,-1,-1,1066,845,-1,995,995,1085,1065,922,985,994,922,1390,1201,1165,1165,-1,1516,1516,-1
DoubleTree by Hilton Hotel Newark Airport,755,675,715,-1,625,655,-1,-1,755,645,715,-1,-1,-1,-1,-1,625,655,-1,-1,-1,-1,-1,-1,-1,-1,-1,-1,1135,825,865,1225,665,845,935,-1,835,695,745,-1,635,675,-1,-1,-1,-1,-1,-1,975,805,835,-1,775,805,965,-1,-1,-1,-1,-1,-1,-1,-1,-1,-1,735,755,-1,725,755,-1,-1,-1,-1,-1,-1,-1,825,865,855,775,805,845,-1,-1,785,835,-1,765,785,865,-1,745,745,745,765,-1,-1,-1,-1,-1,-1,-1,-1,-1,-1,-1,-1,765,715,755,725,-1,785,755,765,815,785,755,-1,-1,-1,-1,-1,-1,-1,-1,-1,-1,-1,-1,785,-1,-1,795,-1,-1,-1,-1,-1,-1,598,580,-1,-1,-1,-1,-1,-1,-1,-1,-1,-1,-1,-1,-1,-1,-1,-1,-1
Hampton Inn Manhattan United Nations,945,975,1005,1591,-1,1005,1390,968,1069,1069,1059,1250,935,1035,1078,1135,-1,-1,1083,-1,-1,-1,-1,-1,1934,1886,2038,-1,1535,1465,1395,1246,1575,1505,1309,-1,-1,-1,-1,-1,1642,1426,1300,1309,1597,1300,1318,1534,-1,-1,2196,-1,-1,1545,1295,1165,1595,1515,1255,1745,2005,2075,-1,-1,1365,1195,1295,1295,-1,-1,1535,-1,1645,1745,1795,2005,1495,1675,1825,1525,-1,-1,1469,1505,1825,1685,1815,-1,1415,1385,1415,1455,1345,1515,1445,1265,1435,1455,1275,1335,-1,-1,1425,-1,1145,1185,1235,-1,-1,1165,1195,1115,1365,1155,1185,1204,1465,1455,-1,-1,1245,1405,1445,-1,1014,1205,1135,1075,-1,-1,1087,1055,-1,-1,-1,-1,-1,-1,-1,-1,755,755,1031,1065,1088,1145,1173,-1,1231,-1,1193,1063,-1,-1,1258,-1,1563,1408,1592,1694
Millenium Hilton,1225,1295,1295,1555,1435,1295,1075,1125,-1,1195,1115,1365,1215,1075,1115,1435,1435,1115,1075,-1,1395,1055,-1,-1,-1,1855,1925,1615,1855,-1,1595,-1,1965,1855,1935,-1,-1,-1,2135,2215,-1,-1,-1,1475,-1,-1,-1,-1,-1,-1,1885,2015,-1,-1,-1,-1,-1,-1,-1,1925,1925,2045,1895,1895,1725,1945,2185,2015,1895,1745,1695,-1,1895,-1,-1,-1,2125,1795,1795,2215,1745,1745,-1,-1,-1,1605,1885,-1,1405,1585,1795,1895,1425,1395,1385,1375,1845,1795,1685,1695,-1,1685,1895,2295,1415,1595,1625,-1,1265,995,1145,1265,1825,1655,1545,1225,1895,-1,1555,-1,-1,1555,1645,1795,1145,1395,1685,1895,-1,1645,1215,-1,1825,1655,1535,1845,-1,-1,1335,-1,-1,-1,-1,-1,-1,-1,1075,1025,-1,1305,1225,-1,-1,1255,-1,-1,1345,-1,-1,-1
Hampton Inn Madison Square Garden Area Hotel,1206,1145,1218,1203,-1,1100,-1,-1,1292,1040,1079,1278,898,907,907,1223,-1,882,1141,-1,-1,899,925,-1,-1,-1,1574,1548,1285,1311,1412,1530,-1,1593,1430,-1,1723,1723,1867,-1,-1,-1,-1,-1,-1,1678,1246,-1,1598,2285,1781,1817,-1,2290,-1,-1,-1,-1,-1,1515,1654,-1,-1,1711,1439,1530,1674,1521,-1,1539,1503,-1,1521,1503,1476,1439,-1,-1,-1,1530,-1,-1,1476,1403,-1,-1,-1,-1,-1,-1,-1,-1,-1,-1,-1,-1,-1,-1,-1,-1,-1,1502,-1,-1,1126,1171,1207,1234,-1,1249,1249,1081,-1,1240,1187,-1,1354,1237,-1,-1,-1,-1,-1,-1,1097,1107,1154,1124,-1,-1,1132,-1,-1,-1,1106,1106,-1,1169,-1,-1,818,-1,-1,-1,-1,-1,-1,-1,-1,-1,-1,-1,-1,-1,-1,-1,1219,1220,-1,1147
The Towers of the Waldorf Astoria New York,-1,-1,-1,-1,-1,-1,-1,-1,-1,-1,2175,2365,2210,2265,2145,2321,2694,2775,2345,2445,2185,2215,2305,3105,3035,3115,-1,-1,2635,2695,-1,2735,2665,-1,-1,2635,-1,-1,2995,3055,-1,-1,-1,-1,-1,-1,-1,-1,2575,2635,-1,2655,2675,2855,-1,2485,-1,-1,-1,2855,-1,-1,-1,-1,2755,2775,2695,2735,-1,-1,2575,-1,2705,2705,2715,2635,-1,-1,-1,-1,-1,-1,-1,2945,2945,2825,2885,-1,2755,-1,-1,-1,-1,2545,2515,-1,-1,-1,-1,2515,3355,-1,-1,-1,2635,-1,-1,3055,-1,2775,-1,-1,-1,-1,-1,2855,2325,2775,2615,2715,2865,-1,-1,2635,2535,-1,2515,-1,-1,-1,-1,-1,2485,-1,-1,-1,2215,2245,2355,2345,-1,-1,2435,-1,-1,-1,-1,-1,-1,-1,-1,2615,-1,-1,-1,2885,2525,2455,2805,3906
DoubleTree by Hilton New York City - Chelsea,1042,1006,1040,1092,-1,988,-1,-1,1211,1069,867,1050,-1,1063,1135,943,1129,993,-1,-1,-1,-1,1054,-1,-1,-1,1561,1445,-1,1201,-1,1655,-1,-1,1455,-1,-1,-1,1730,1609,-1,1219,-1,-1,1391,1391,-1,1337,1417,1592,1574,1432,-1,1471,-1,1383,-1,1611,-1,-1,1744,1762,-1,1700,-1,-1,1945,1674,-1,1361,1370,-1,1472,1499,1478,1188,-1,-1,-1,-1,-1,-1,-1,-1,-1,-1,-1,-1,-1,-1,-1,1273,1343,1253,-1,-1,1426,-1,-1,-1,-1,-1,-1,-1,1229,1175,1255,1228,1152,1151,1138,1102,1255,1255,1321,-1,-1,1512,-1,-1,-1,1441,1210,1574,1128,1171,1134,-1,1092,1038,976,960,1177,1129,1039,1182,-1,-1,890,994,-1,785,755,734,1006,-1,-1,725,-1,-1,726,888,-1,-1,-1,-1,1211,1268,1258,1409
Smyth A Thompson Hotel,1546,1772,1829,1772,-1,-1,-1,-1,1482,1545,1585,1772,1420,1405,1359,1480,1235,1221,1396,-1,1525,1327,-1,-1,2565,2485,2585,2595,2445,2425,2405,2510,2772,2385,2645,-1,2605,2545,2585,2361,2107,2365,-1,-1,2119,-1,-1,2107,2279,2525,2525,2289,2219,-1,-1,-1,2119,2345,-1,-1,2120,2010,1991,2082,-1,-1,2167,2220,-1,-1,-1,-1,-1,-1,-1,-1,-1,-1,-1,-1,2257,-1,-1,-1,-1,-1,-1,-1,2478,-1,-1,-1,-1,-1,-1,-1,1669,-1,-1,2625,-1,-1,-1,2624,2553,2915,2940,-1,2165,-1,-1,2880,-1,-1,2730,-1,-1,3285,-1,-1,-1,-1,-1,-1,-1,1692,-1,-1,1690,-1,-1,-1,-1,-1,-1,-1,-1,-1,-1,-1,-1,-1,-1,-1,-1,-1,-1,-1,-1,-1,-1,1361,-1,-1,1894,-1,-1,-1,2256,2075
DoubleTree by Hilton New York City - Financial District,995,1115,1135,1215,-1,995,935,965,955,945,945,985,845,865,1055,925,945,895,785,785,945,895,885,-1,1171,1650,-1,1239,-1,-1,-1,-1,1544,1668,1491,1229,-1,-1,1722,1637,-1,-1,1463,1321,1356,1462,-1,-1,1428,1465,1484,1314,1499,1326,1269,-1,1420,1485,1572,1585,-1,1713,-1,1675,1299,-1,1633,1485,-1,-1,1253,1323,1703,1618,-1,1599,1365,-1,1596,1447,1292,1310,1269,1300,-1,-1,-1,-1,-1,1238,1461,1215,-1,1104,1255,898,1369,1352,1036,-1,1464,1370,1189,-1,1014,1063,1009,1180,-1,-1,1297,1080,1229,1136,1119,1016,-1,-1,1151,-1,-1,1083,1116,1232,928,923,964,1133,-1,1040,1002,1023,1050,-1,1228,-1,952,-1,-1,-1,-1,691,706,738,-1,-1,-1,-1,-1,861,-1,-1,-1,998,-1,-1,-1,1349,-1,-1
Hampton Inn Manhattan Soho,1155,1265,1395,1375,-1,-1,1205,-1,-1,1135,1465,1475,1075,1175,1575,-1,-1,-1,955,975,-1,983,1037,1235,1525,1565,-1,1645,1465,-1,-1,-1,-1,-1,-1,-1,1835,-1,-1,-1,1835,-1,-1,-1,-1,1495,1597,-1,1935,1635,1595,1705,1415,1474,-1,-1,-1,-1,-1,-1,2085,-1,-1,1735,1835,1775,1815,-1,1435,1735,-1,-1,-1,-1,1335,-1,1355,1435,1775,1395,1715,1735,1355,1315,1605,-1,1375,1335,-1,1355,1235,1425,-1,1235,1175,-1,1295,-1,-1,-1,-1,-1,-1,-1,-1,-1,-1,-1,1155,1735,1135,-1,-1,-1,1085,1085,1305,1215,-1,-1,-1,-1,1255,1395,1075,1055,1095,-1,1345,1035,945,985,-1,1135,1145,-1,1195,1265,1245,1265,785,765,795,875,-1,-1,1057,-1,-1,1015,1045,-1,1285,1195,1165,1105,-1,1315,1285,-1
Hilton Garden Inn New York Manhattan-Midtown East,985,1085,-1,-1,-1,1045,935,935,894,964,945,-1,795,795,815,963,-1,952,745,818,1075,946,921,-1,-1,1485,-1,-1,-1,-1,-1,-1,-1,-1,-1,-1,1630,1630,1681,-1,-1,1608,1736,-1,1635,1847,1475,-1,1484,1394,1625,-1,-1,-1,-1,-1,-1,1459,1449,-1,-1,1805,-1,-1,-1,-1,1635,1640,-1,1585,1495,-1,1565,1645,-1,-1,1465,1373,-1,1795,-1,-1,1485,1485,-1,-1,-1,-1,1429,-1,-1,1407,1425,1402,1421,1343,1559,-1,-1,1541,-1,-1,-1,-1,1254,-1,1398,-1,-1,-1,-1,-1,-1,-1,-1,-1,1231,-1,1457,-1,-1,-1,-1,-1,1109,1045,-1,1033,-1,-1,1205,1115,1231,-1,-1,-1,-1,-1,1036,-1,-1,923,923,923,-1,-1,-1,-1,-1,-1,-1,-1,-1,-1,1147,-1,-1,-1,1329,1342
Hampton Inn Manhattan Downtown-Financial District,-1,1040,1078,-1,895,913,-1,-1,-1,-1,1078,-1,898,879,917,-1,-1,860,841,-1,918,841,-1,-1,1588,1381,1291,-1,-1,-1,-1,-1,1725,-1,-1,-1,-1,1417,1516,1735,1326,1354,1579,1606,1516,1405,1453,1291,-1,-1,-1,-1,1411,-1,-1,-1,1610,-1,1584,1470,1734,1764,-1,-1,1468,1449,1662,-1,1192,1242,-1,-1,-1,-1,1420,1444,1569,1411,1553,-1,1221,1173,-1,1117,-1,-1,-1,-1,-1,-1,-1,-1,1195,1295,1255,1279,-1,1235,-1,-1,1273,1201,1255,1228,1147,1093,1255,1246,1147,1086,-1,-1,1255,1201,1102,1129,1336,1246,1255,-1,-1,1255,1210,1264,1102,1048,1102,1318,-1,970,931,974,1075,976,967,1066,-1,1231,1345,-1,-1,756,-1,-1,-1,-1,-1,-1,-1,-1,-1,-1,-1,-1,-1,-1,-1,1246,1192,-1
Red Carpet Inn New York City,-1,-1,-1,-1,-1,604,-1,-1,-1,-1,-1,-1,-1,-1,-1,-1,-1,522,540,-1,542,558,573,-1,-1,-1,-1,-1,-1,604,-1,-1,560,578,-1,-1,-1,-1,-1,-1,-1,514,-1,-1,498,514,-1,-1,-1,-1,-1,-1,-1,514,-1,-1,498,514,-1,-1,-1,-1,-1,-1,-1,-1,-1,-1,-1,514,-1,-1,498,514,-1,-1,-1,-1,-1,513,-1,514,-1,-1,-1,-1,-1,-1,-1,-1,-1,-1,-1,514,-1,-1,498,514,-1,-1,-1,-1,-1,-1,-1,-1,-1,-1,-1,514,-1,-1,498,514,-1,-1,-1,-1,-1,-1,-1,-1,-1,-1,-1,-1,-1,-1,-1,514,-1,-1,498,514,-1,-1,-1,-1,-1,-1,-1,-1,-1,-1,-1,-1,-1,-1,-1,514,-1,-1,498,514,-1,-1,-1,-1,-1,-1
Hampton Inn Manhattan Times Square Central,1424,1302,-1,-1,1129,1045,988,920,-1,1302,1443,-1,1945,-1,1103,1515,1525,-1,813,1524,-1,747,-1,-1,-1,-1,-1,-1,-1,-1,-1,-1,-1,1235,-1,-1,-1,-1,-1,-1,-1,-1,-1,-1,-1,-1,-1,-1,1875,-1,2495,2715,1835,1595,1437,1446,1875,2195,1394,-1,-1,-1,-1,-1,1619,1695,1732,1650,-1,1316,1140,1263,1715,1066,1316,1433,-1,1316,1729,1320,1360,1346,1202,1350,1725,1762,1725,-1,1982,1762,-1,1668,-1,1625,-1,-1,1817,-1,-1,-1,-1,-1,1313,-1,1185,1186,-1,1220,-1,-1,1130,-1,-1,1135,-1,-1,-1,1135,1170,-1,-1,-1,1645,1645,-1,1495,1495,1132,-1,-1,1112,1229,-1,-1,-1,-1,1125,-1,-1,1149,-1,784,1043,837,1556,-1,-1,1477,1596,-1,1112,-1,-1,1484,1368,-1,1260,1146,1190,1661
Hilton Garden Inn New York Central Park South-Midtown West,938,1109,988,1106,-1,1042,1042,962,1035,971,934,1025,1326,806,1033,897,-1,-1,1140,788,-1,1171,872,-1,1635,1817,-1,-1,-1,1415,1532,-1,1743,1659,-1,-1,2093,-1,1945,1999,-1,1760,1458,1635,1505,1465,1345,1474,1948,1511,1462,1462,1588,1565,1495,1480,-1,1165,1473,1682,-1,1643,1985,1616,1465,1645,1498,1462,1614,1555,1576,1360,-1,1429,-1,-1,1544,1589,1634,1555,-1,1375,-1,1442,-1,-1,1797,-1,1573,1355,-1,1807,1496,-1,1413,1512,-1,1372,1399,-1,-1,-1,-1,-1,1290,1298,1334,1125,1433,1460,1413,1224,-1,1333,1156,-1,1309,1365,-1,-1,-1,1421,-1,-1,1182,1272,1362,997,-1,-1,-1,-1,1235,1231,1156,-1,1391,-1,1152,1544,-1,-1,-1,-1,-1,-1,-1,1024,-1,-1,1168,860,-1,1167,1099,1014,-1,-1,-1,-1
Andaz 5th Avenue - a concept by Hyatt,-1,-1,1665,-1,-1,-1,-1,1339,-1,-1,-1,2028,-1,-1,-1,-1,-1,-1,1658,-1,-1,-1,-1,-1,-1,-1,2935,-1,2345,-1,-1,-1,2175,2515,2425,-1,-1,-1,2609,2750,2116,2299,2371,2885,1976,2535,2177,2026,-1,2485,2515,-1,2185,2365,2885,2775,2145,-1,2475,2255,-1,2605,-1,-1,-1,2435,-1,-1,2495,-1,-1,-1,2195,-1,2775,-1,-1,2367,-1,-1,2066,-1,-1,-1,-1,-1,-1,-1,2116,2132,-1,-1,2125,2775,-1,-1,1886,-1,-1,-1,-1,-1,-1,-1,2051,2375,2385,2197,1995,-1,-1,-1,2063,-1,-1,2021,-1,-1,2606,2520,-1,-1,-1,-1,-1,1982,2375,-1,2046,1877,2022,2066,1871,1900,1848,2227,-1,-1,-1,-1,-1,1502,1489,1353,-1,1502,2103,2103,2039,-1,2181,-1,-1,2778,2077,2462,2884,2161,2604,2944
Hilton Garden Inn New York Manhattan-Chelsea,-1,1259,-1,965,-1,-1,-1,-1,975,961,928,949,-1,947,-1,916,-1,-1,774,858,1122,766,783,-1,-1,1723,1653,-1,-1,2027,1401,-1,1633,1533,1621,1663,2265,2105,2245,-1,1677,1767,1857,-1,1835,1327,1426,-1,-1,-1,1513,1526,-1,-1,-1,-1,1910,1777,-1,-1,2662,-1,2466,2035,-1,1580,1552,1583,-1,-1,-1,-1,-1,-1,-1,-1,-1,1508,1552,1583,-1,1386,1473,-1,-1,-1,-1,-1,-1,-1,-1,-1,-1,-1,-1,-1,-1,1198,-1,-1,-1,-1,1627,1691,1347,1299,1309,1338,-1,-1,-1,-1,-1,-1,-1,-1,-1,-1,-1,-1,-1,-1,1064,1110,-1,1031,976,1291,1187,955,948,946,-1,934,-1,-1,-1,-1,-1,-1,-1,616,626,648,-1,-1,1265,1001,1063,1305,-1,-1,1471,1402,1381,1391,-1,-1,-1,-1
Gild Hall A Thompson Hotel,1412,1336,1318,-1,-1,-1,-1,-1,1294,1226,1253,-1,1132,1140,1172,1100,1092,-1,-1,-1,-1,-1,-1,-1,1396,1332,1396,1412,-1,-1,1412,1348,-1,1556,1476,-1,1532,-1,-1,-1,-1,-1,-1,-1,-1,-1,-1,-1,1886,-1,-1,-1,-1,-1,-1,-1,-1,-1,-1,-1,-1,1756,1732,1869,1648,-1,1756,1706,-1,-1,-1,-1,-1,-1,-1,-1,-1,1534,1587,1594,1451,1354,1474,-1,-1,1474,-1,-1,1429,1324,1459,1515,-1,-1,-1,-1,-1,-1,-1,-1,1511,1534,1617,1594,1384,-1,1354,1399,-1,-1,-1,-1,-1,-1,-1,-1,-1,-1,-1,-1,1310,1294,1400,1446,1282,1163,1309,-1,1085,1285,-1,-1,-1,-1,-1,-1,-1,-1,-1,-1,-1,-1,-1,-1,-1,-1,-1,-1,787,-1,847,-1,-1,1331,1373,-1,1235,1010,1679,1935
Hilton Manhattan East,-1,1062,1008,915,-1,981,944,970,-1,949,918,963,-1,-1,973,-1,-1,867,857,-1,1145,1121,1036,1045,-1,-1,-1,-1,-1,-1,-1,-1,1310,1216,1179,1177,-1,1648,1768,1589,-1,1561,1486,1318,-1,1489,1417,1610,-1,1586,1640,1690,-1,1570,-1,-1,1392,1292,1424,1381,1367,1715,1479,1658,-1,1355,1425,1458,1515,1445,1375,1281,1459,1485,1455,1381,1367,1464,-1,1695,-1,-1,-1,1297,-1,-1,-1,-1,1291,1326,-1,-1,1205,1287,1279,1262,1366,-1,-1,-1,-1,-1,-1,-1,1205,1225,1216,1275,-1,-1,1195,1065,1235,1175,1104,1211,1355,1255,-1,-1,-1,1197,1203,-1,1073,1090,1135,1306,1065,1115,1055,-1,1285,1287,1255,-1,-1,-1,-1,-1,-1,886,855,-1,-1,-1,-1,-1,-1,-1,1005,975,-1,-1,-1,-1,1362,-1,-1,-1
Waldorf Astoria New York,-1,-1,-1,-1,1263,1262,1313,1271,1288,1365,1338,1485,1395,1555,1435,1435,1815,1425,1245,1305,1475,1505,1475,1655,2375,-1,-1,-1,-1,-1,1915,1905,1585,1585,1775,-1,-1,-1,-1,-1,-1,-1,-1,-1,2015,1815,1535,1615,1895,-1,-1,-1,-1,-1,2505,1745,2135,-1,2305,-1,-1,-1,-1,-1,2165,2065,1975,-1,-1,-1,-1,-1,1945,1945,2005,1925,-1,-1,-1,-1,2165,-1,2185,2185,2275,2065,-1,-1,-1,-1,-1,-1,-1,1855,1825,-1,1975,-1,1975,-1,-1,2655,2455,-1,2045,2245,-1,-1,-1,-1,-1,-1,2125,2165,2095,2059,-1,2225,2080,2125,2025,2055,1465,1768,1735,1449,1697,-1,-1,-1,-1,-1,-1,-1,1615,1815,1455,1594,1725,-1,-1,-1,1177,-1,-1,-1,1685,-1,-1,-1,-1,1715,-1,1885,2190,2025,-1,-1,2305,-1
Sheraton New York Times Square Hotel,-1,-1,-1,-1,-1,-1,1411,-1,1174,1215,-1,-1,1101,1118,1198,-1,-1,1208,1100,1103,1304,1114,1139,-1,1974,1898,1972,-1,-1,1568,-1,-1,-1,1636,-1,-1,-1,1948,2024,2109,-1,-1,1733,-1,1490,1305,1286,-1,-1,-1,-1,-1,-1,1288,-1,-1,1340,1388,1370,-1,-1,-1,2113,-1,-1,1767,1664,-1,-1,1697,-1,-1,-1,-1,-1,-1,1688,1779,1672,-1,-1,1482,-1,-1,-1,-1,1794,-1,-1,1413,-1,-1,-1,-1,1665,-1,-1,1558,-1,-1,-1,-1,1469,-1,-1,1266,1557,-1,-1,1378,-1,-1,1141,-1,1235,-1,-1,-1,-1,-1,-1,1406,1362,-1,1241,1273,-1,-1,-1,-1,-1,-1,1554,1367,1348,1271,-1,-1,-1,-1,1017,1237,-1,-1,-1,-1,-1,-1,-1,-1,-1,-1,-1,-1,1708,-1,-1,1951,1722,-1
Hampton Inn Manhattan-Seaport-Financial District,-1,-1,-1,-1,1022,968,950,846,-1,872,892,-1,-1,869,1012,-1,-1,-1,-1,562,-1,822,772,783,-1,1382,-1,-1,-1,1487,-1,-1,1592,-1,-1,-1,-1,-1,-1,-1,1421,1459,1378,-1,-1,1375,1395,1525,1495,1525,1555,-1,1225,1255,1215,1345,1605,1575,1505,-1,-1,-1,-1,-1,-1,1439,1554,-1,1564,1576,1605,-1,-1,-1,-1,-1,-1,-1,-1,-1,-1,-1,-1,-1,-1,-1,-1,-1,-1,1265,1405,-1,-1,1215,1165,-1,1305,1225,-1,-1,-1,1111,1138,-1,1012,1039,1219,1228,-1,1125,-1,-1,1129,1021,1012,985,1075,1066,1039,-1,1084,1003,1030,1057,931,958,1196,-1,1155,1097,942,942,1057,1003,994,958,898,1021,1075,-1,-1,722,823,729,-1,-1,913,-1,931,-1,-1,1057,-1,1000,986,789,-1,1150,1109,1067
Fairfield Inn by Marriott LaGuardia Airport Flushing,915,935,955,-1,-1,-1,935,855,895,855,885,945,-1,-1,-1,-1,-1,-1,-1,-1,-1,-1,-1,-1,-1,-1,-1,-1,-1,-1,-1,-1,-1,-1,-1,-1,-1,-1,-1,-1,-1,935,905,-1,-1,935,-1,-1,-1,-1,-1,-1,-1,-1,925,-1,-1,-1,-1,-1,-1,-1,-1,-1,-1,-1,-1,-1,-1,935,865,-1,-1,865,-1,-1,-1,-1,-1,935,-1,935,895,-1,-1,-1,915,-1,-1,-1,-1,-1,-1,875,835,-1,-1,855,-1,-1,-1,865,885,-1,-1,-1,-1,-1,-1,885,835,-1,-1,865,-1,-1,-1,-1,-1,-1,-1,925,925,-1,-1,-1,-1,-1,855,855,855,-1,-1,925,-1,-1,-1,-1,-1,-1,-1,-1,-1,-1,-1,-1,-1,-1,-1,865,815,-1,-1,815,-1,-1,-1,-1,-1,-1
W New York - Downtown,-1,-1,-1,-1,-1,-1,-1,-1,-1,-1,-1,-1,1140,-1,-1,-1,-1,-1,-1,-1,-1,-1,1354,1212,-1,-1,-1,-1,-1,-1,-1,-1,-1,-1,-1,-1,-1,-1,-1,-1,-1,-1,-1,-1,-1,1979,1940,1736,-1,-1,-1,-1,1820,-1,-1,-1,-1,2044,2005,-1,-1,-1,-1,-1,-1,-1,-1,-1,-1,-1,-1,-1,-1,-1,-1,-1,-1,-1,-1,-1,-1,-1,-1,1606,-1,-1,-1,-1,-1,-1,-1,-1,-1,-1,-1,-1,-1,-1,-1,-1,-1,-1,-1,-1,-1,-1,-1,-1,-1,-1,-1,-1,-1,1833,1794,-1,-1,2011,1965,1756,-1,-1,-1,-1,-1,-1,-1,-1,-1,-1,-1,-1,-1,-1,-1,-1,-1,-1,-1,-1,898,-1,-1,-1,-1,-1,-1,-1,-1,-1,-1,-1,-1,1645,1596,-1,-1,-1,-1,-1
Hilton New York Fashion District,-1,1058,1089,-1,-1,-1,-1,891,-1,-1,-1,-1,-1,879,852,891,-1,-1,-1,-1,-1,-1,-1,-1,1413,1457,-1,-1,-1,-1,1511,1413,2085,-1,1517,-1,-1,-1,-1,-1,-1,-1,-1,-1,-1,-1,1451,1405,-1,-1,1715,1860,-1,-1,-1,-1,-1,1558,-1,-1,-1,-1,-1,1672,1391,-1,1388,1516,-1,-1,-1,-1,-1,-1,1413,1253,-1,1508,1848,1864,-1,-1,-1,-1,-1,-1,-1,-1,1310,1373,1720,-1,1571,1589,1519,-1,1505,-1,-1,-1,-1,-1,-1,-1,1275,1240,1276,1312,1395,1295,1200,1183,1442,1434,1288,1265,-1,1495,1425,-1,1375,-1,-1,1311,1133,1214,1268,-1,-1,-1,1130,1023,1445,1365,-1,1165,1144,1090,1505,1320,-1,-1,-1,-1,-1,1087,1230,1260,-1,1210,1223,-1,1370,1285,-1,1307,-1,-1,-1,-1
Hyatt Times Square New York,-1,1285,1295,1315,-1,1335,1305,-1,-1,-1,1295,-1,1235,1285,1295,1275,1395,1245,1245,1215,-1,1335,1245,-1,-1,-1,1765,-1,1775,1765,1765,-1,-1,1985,1755,1815,-1,-1,-1,-1,-1,1935,1795,1795,1975,1785,1725,1835,-1,-1,-1,1875,-1,1825,2025,1935,-1,2065,2025,2100,-1,-1,-1,-1,2210,2020,2010,1875,-1,2065,2025,2015,-1,2065,2025,-1,-1,-1,-1,-1,-1,1675,1765,1735,-1,-1,-1,-1,-1,-1,-1,-1,-1,-1,1905,1975,-1,1885,-1,-1,1925,1615,-1,-1,1460,-1,-1,-1,-1,1435,1405,1225,-1,1765,1675,-1,-1,1765,-1,-1,-1,-1,-1,-1,1640,-1,-1,-1,-1,-1,1585,-1,-1,-1,1635,-1,-1,-1,-1,-1,-1,1021,949,1075,1210,-1,1201,1255,-1,1264,1291,-1,-1,1251,-1,-1,-1,-1,-1,-1
Hampton Inn Manhattan Times Square South,1011,-1,1105,1332,1063,1045,1020,992,983,1043,989,1088,952,952,970,989,-1,-1,-1,-1,-1,970,911,920,2005,-1,-1,-1,1488,1654,-1,-1,-1,-1,-1,-1,-1,-1,-1,1750,-1,1611,-1,-1,1593,1612,-1,-1,1574,1759,1665,-1,-1,-1,-1,-1,-1,1380,-1,-1,-1,-1,1838,1902,1467,1409,1465,1485,-1,-1,-1,-1,-1,-1,-1,-1,-1,-1,-1,1705,-1,-1,-1,-1,-1,-1,-1,-1,-1,-1,-1,-1,-1,-1,-1,-1,-1,-1,-1,-1,-1,-1,1413,1355,-1,-1,-1,-1,-1,-1,-1,-1,1123,1147,1150,1167,-1,-1,-1,-1,-1,-1,-1,-1,1155,1186,1200,-1,-1,1140,-1,1046,-1,-1,-1,-1,-1,-1,-1,-1,-1,-1,-1,-1,-1,-1,-1,-1,-1,-1,-1,-1,-1,-1,-1,-1,1102,1102,1102,1132
New York Marriott at the Brooklyn Bridge,1349,-1,1319,-1,-1,1244,1312,1320,-1,-1,1426,-1,-1,-1,1292,-1,-1,-1,1375,-1,-1,-1,-1,-1,1745,1845,1675,-1,-1,1615,1615,1675,-1,-1,1845,-1,-1,-1,2055,-1,-1,1905,2135,-1,-1,2325,-1,-1,-1,-1,-1,-1,-1,2335,2305,2425,-1,2295,2505,-1,-1,-1,-1,-1,-1,-1,2435,-1,-1,2265,2375,2395,-1,2475,-1,-1,-1,-1,-1,-1,-1,2025,1995,-1,-1,1755,-1,-1,1675,-1,1705,-1,-1,1575,1550,1507,-1,1685,1531,-1,-1,-1,-1,-1,1427,-1,1765,-1,-1,1525,1495,1360,-1,1495,-1,-1,-1,-1,-1,-1,-1,-1,-1,-1,1232,-1,-1,-1,-1,-1,-1,1232,-1,-1,-1,-1,1198,-1,-1,-1,-1,-1,-1,-1,-1,-1,-1,-1,-1,1555,-1,-1,-1,-1,-1,-1,-1,-1,-1,-1
New York Marriott Downtown,-1,-1,-1,-1,-1,-1,-1,-1,-1,-1,-1,-1,1300,-1,-1,-1,-1,-1,-1,-1,-1,-1,-1,-1,-1,1465,1490,-1,-1,1535,-1,1936,-1,-1,-1,-1,-1,-1,1993,-1,-1,1915,-1,-1,1985,-1,-1,-1,2080,-1,1870,-1,-1,1875,1840,1800,-1,1980,1940,-1,-1,-1,-1,-1,1782,1822,1852,-1,-1,1835,1802,1762,-1,1942,1902,-1,1686,1729,1757,-1,-1,1614,1586,1556,-1,1810,1835,-1,-1,1700,1730,-1,1655,1675,1645,1610,1853,1765,1730,-1,-1,1855,1900,-1,-1,1690,1715,-1,1640,1625,1595,1565,1519,1640,1610,-1,-1,1835,-1,-1,-1,-1,-1,-1,-1,1527,1550,-1,-1,1494,1469,1439,-1,-1,1597,-1,-1,1405,1435,-1,-1,-1,-1,-1,-1,-1,-1,-1,-1,-1,1335,1305,-1,-1,1652,-1,-1,-1,-1,-1
Hilton Garden Inn New York Long Island City,838,-1,-1,-1,-1,-1,-1,-1,671,-1,-1,-1,703,-1,-1,842,-1,739,741,676,-1,-1,800,-1,-1,-1,-1,-1,-1,981,-1,-1,-1,-1,-1,-1,1520,-1,-1,1727,-1,-1,-1,-1,-1,1431,1675,1798,-1,-1,1129,-1,1098,952,916,996,-1,931,-1,-1,-1,-1,-1,-1,-1,1451,1487,-1,-1,1007,-1,996,-1,1319,-1,-1,-1,1284,1370,1357,1043,1054,-1,1012,-1,-1,-1,-1,-1,-1,-1,-1,-1,-1,-1,-1,-1,-1,-1,-1,-1,-1,-1,-1,-1,-1,-1,-1,-1,-1,-1,-1,-1,-1,-1,-1,-1,-1,-1,-1,-1,819,826,954,757,796,802,-1,-1,-1,-1,-1,-1,720,749,757,-1,-1,-1,952,601,601,-1,-1,600,615,-1,-1,-1,-1,-1,-1,787,802,748,710,-1,904,873,853
Manhattan NYC-an Affinia hotel,-1,-1,-1,-1,-1,-1,-1,-1,-1,-1,-1,-1,-1,-1,-1,-1,-1,-1,-1,-1,-1,-1,-1,-1,-1,-1,-1,-1,-1,-1,-1,-1,-1,1345,1315,1283,-1,-1,-1,-1,-1,-1,-1,-1,1260,1188,1225,-1,-1,-1,-1,-1,-1,1490,-1,-1,-1,1571,1559,1539,1658,1735,1803,-1,-1,1768,-1,-1,-1,-1,1605,1678,-1,1477,1550,1531,1624,1554,1758,-1,1448,1514,1417,1507,-1,-1,-1,-1,-1,-1,-1,1495,-1,1437,1324,1391,-1,1235,1302,1369,1392,1383,1427,-1,1253,1298,1343,1269,1166,1208,1225,1201,-1,1163,1183,1231,-1,1248,1291,1363,-1,1256,1278,-1,1126,1149,1174,-1,-1,-1,-1,-1,1044,1044,1044,1044,-1,-1,-1,-1,875,815,777,800,-1,-1,-1,-1,-1,-1,-1,-1,-1,-1,-1,1117,-1,-1,1127,1218
The Muse Hotel a Kimpton Hotel,-1,-1,-1,-1,-1,1276,-1,-1,-1,-1,-1,-1,-1,-1,-1,-1,-1,-1,-1,-1,-1,-1,-1,-1,-1,-1,-1,-1,-1,-1,-1,-1,-1,-1,-1,-1,-1,-1,-1,-1,-1,-1,-1,-1,-1,-1,-1,-1,-1,-1,-1,-1,1875,2055,1935,-1,-1,-1,-1,-1,-1,-1,-1,-1,-1,-1,-1,-1,-1,-1,-1,-1,-1,-1,-1,-1,-1,-1,-1,-1,-1,-1,2295,-1,-1,-1,-1,-1,-1,-1,-1,-1,1995,-1,-1,-1,-1,-1,-1,-1,-1,1914,-1,-1,1757,1773,-1,-1,-1,-1,-1,-1,-1,-1,-1,-1,-1,-1,-1,-1,-1,-1,-1,-1,-1,-1,-1,-1,-1,-1,1521,1591,-1,-1,-1,-1,-1,-1,-1,-1,1401,1322,-1,-1,-1,-1,1451,1438,-1,-1,-1,-1,-1,-1,-1,-1,-1,-1,-1,-1
New York Hilton Midtown,-1,-1,1385,1395,-1,-1,1255,-1,-1,1175,1410,1215,-1,1245,1205,-1,1265,1185,-1,-1,1185,1185,-1,1265,-1,-1,1975,-1,-1,1405,-1,-1,2005,-1,-1,-1,-1,-1,-1,-1,-1,-1,-1,-1,1865,1865,1745,-1,-1,-1,1875,-1,-1,2035,1495,-1,1545,-1,1465,-1,-1,-1,1975,1975,-1,1525,1595,1665,-1,1465,1365,-1,-1,-1,1735,-1,1705,1705,1735,1715,-1,-1,-1,1695,-1,-1,-1,-1,-1,-1,-1,-1,-1,1365,1345,-1,1575,-1,-1,-1,-1,1745,1495,-1,-1,1325,1287,-1,1275,1215,-1,1135,1317,1145,1115,-1,-1,-1,-1,-1,-1,-1,1355,-1,-1,1325,1365,-1,-1,-1,1455,1155,-1,-1,-1,-1,-1,-1,1605,1825,1415,1235,1075,905,855,885,935,1395,825,1455,1635,-1,-1,-1,-1,-1,-1,-1,-1,-1
W New York,1133,1129,1168,1309,-1,1126,1126,-1,-1,1172,1216,-1,963,1008,1055,-1,-1,-1,-1,-1,-1,1269,1269,-1,-1,-1,-1,-1,-1,-1,-1,-1,-1,1883,-1,-1,1864,-1,-1,-1,1825,1856,1887,1883,1869,1800,1720,1856,1907,1739,1813,1886,-1,1507,1435,1371,1638,1579,1576,1793,1643,1738,1827,1899,1620,1710,1752,-1,-1,1813,1564,-1,-1,-1,-1,-1,-1,2065,2093,-1,1879,1906,1953,-1,-1,-1,-1,-1,-1,1898,1977,1732,-1,1838,-1,-1,-1,-1,1816,-1,-1,1857,1738,1886,1359,1663,1389,1563,-1,-1,-1,1667,-1,1567,1533,-1,1956,1682,1842,-1,-1,1603,-1,-1,1592,1593,1593,-1,-1,-1,1367,1521,-1,1404,1596,-1,-1,-1,-1,-1,-1,1011,1124,-1,1269,-1,-1,-1,-1,-1,-1,-1,-1,1625,1583,-1,-1,1931,-1,-1
Andaz Wall Street - a concept by Hyatt,1365,1325,1355,-1,-1,-1,-1,-1,-1,-1,-1,-1,-1,-1,-1,-1,1165,-1,-1,-1,-1,-1,-1,-1,-1,-1,1665,-1,-1,2000,1645,1665,-1,-1,-1,-1,-1,-1,-1,-1,1850,1885,1865,-1,1885,1920,1845,1855,-1,-1,1645,2710,-1,1692,-1,1535,-1,-1,1682,-1,2310,-1,2350,-1,1625,1925,1900,-1,-1,1544,-1,1850,-1,-1,-1,-1,1925,1665,1920,2025,1750,1800,1765,1805,-1,2025,-1,2120,1670,1525,1840,1965,1700,1773,1800,-1,1865,1845,1575,-1,2150,1940,2060,2185,-1,1575,1845,-1,1535,1525,1465,-1,1545,-1,-1,1325,-1,-1,1575,-1,-1,1352,1546,1619,1078,1305,1430,-1,1352,1401,1315,1127,1485,1835,1496,-1,1055,-1,-1,-1,-1,995,975,1010,1013,1029,990,-1,1300,1381,1138,1098,2066,1484,1371,1785,1749,1578,-1,-1
United Nations Apartment Hotel,-1,-1,-1,-1,-1,-1,-1,-1,-1,-1,-1,-1,-1,-1,-1,838,-1,-1,-1,-1,-1,-1,-1,1057,-1,-1,-1,-1,-1,-1,-1,-1,-1,-1,-1,-1,-1,-1,-1,-1,-1,-1,-1,-1,-1,-1,-1,-1,1158,-1,-1,-1,-1,-1,-1,-1,-1,-1,-1,-1,-1,-1,-1,-1,-1,-1,-1,-1,-1,-1,-1,-1,-1,-1,-1,-1,-1,-1,-1,-1,-1,-1,-1,-1,-1,-1,-1,-1,-1,-1,-1,1137,1356,1476,1477,1616,1277,1158,1397,-1,-1,-1,1336,1396,-1,-1,-1,-1,-1,-1,-1,-1,1396,1336,-1,-1,1217,-1,-1,-1,-1,1357,1277,1456,1376,1357,1477,-1,1376,-1,-1,-1,1396,1336,-1,-1,1376,1117,1477,-1,1137,1337,-1,-1,-1,1117,-1,-1,-1,-1,-1,-1,-1,1376,-1,1421,1536,-1,1018,1002
The Westin New York Grand Central,1282,1386,1441,1446,1247,-1,-1,-1,1198,1200,1245,-1,1218,1238,1283,1388,-1,-1,-1,-1,-1,-1,-1,-1,-1,1926,1993,-1,-1,2026,1983,1947,-1,-1,-1,-1,-1,2149,2251,2458,-1,2243,2200,2159,-1,-1,-1,-1,1967,2128,2134,-1,2334,-1,-1,1867,-1,-1,-1,-1,-1,2190,2299,2716,1694,1949,2045,1932,-1,-1,-1,1664,-1,-1,1764,-1,-1,1914,1959,-1,1967,-1,-1,1776,-1,1932,-1,-1,1788,1810,1879,-1,-1,-1,1780,-1,1921,1845,-1,-1,-1,1840,1921,-1,1522,1614,1671,1784,-1,1450,-1,1334,-1,-1,1506,1508,-1,1733,1678,-1,-1,-1,-1,-1,1320,1370,1411,1624,-1,-1,-1,1260,-1,-1,1432,-1,-1,1426,1473,-1,1240,1239,-1,-1,1084,1084,1247,-1,-1,-1,-1,-1,-1,-1,-1,-1,-1,-1,-1,-1
The Peninsula New York,3165,4240,4270,-1,4240,4140,-1,-1,3165,4240,4270,-1,3165,-1,-1,-1,-1,-1,-1,-1,-1,-1,-1,-1,-1,-1,-1,-1,-1,-1,-1,-1,-1,-1,-1,-1,6225,-1,-1,-1,-1,-1,-1,-1,-1,-1,-1,-1,4975,5025,5075,-1,3854,3854,3853,3854,-1,-1,-1,-1,4275,4325,4375,-1,4275,4325,4375,-1,-1,-1,-1,-1,-1,-1,-1,-1,4275,4325,4375,-1,-1,-1,-1,-1,-1,4325,4375,-1,4275,4325,4375,-1,-1,-1,-1,-1,-1,-1,-1,-1,-1,-1,-1,-1,-1,-1,-1,-1,-1,-1,-1,-1,-1,-1,-1,-1,-1,-1,-1,-1,-1,4325,4375,-1,4275,4325,4375,-1,-1,4375,4325,4275,-1,4375,4325,-1,-1,-1,-1,-1,-1,-1,-1,-1,-1,-1,-1,-1,-1,-1,-1,-1,-1,-1,-1,-1,-1,-1,-1,-1
NOMO SOHO,-1,-1,-1,-1,-1,-1,-1,-1,1328,-1,1485,-1,-1,-1,-1,-1,-1,-1,-1,-1,-1,1314,1280,1237,2136,2212,2290,-1,-1,-1,-1,-1,-1,-1,-1,-1,2086,2200,2272,-1,-1,-1,-1,-1,-1,-1,-1,-1,-1,2187,2254,-1,1928,1995,2060,-1,-1,-1,-1,1928,-1,-1,-1,-1,2069,2142,2211,-1,-1,2147,2075,2023,-1,-1,-1,-1,-1,-1,-1,-1,-1,-1,-1,-1,-1,-1,-1,2275,-1,-1,-1,-1,-1,-1,-1,-1,-1,-1,-1,-1,-1,-1,-1,-1,-1,-1,-1,-1,-1,2060,1795,1778,-1,2087,1854,1926,2060,1983,2137,-1,2173,2222,2105,-1,2029,1898,1921,-1,1782,1838,1868,-1,-1,-1,-1,1759,-1,1667,-1,-1,1358,-1,-1,-1,-1,-1,-1,-1,-1,-1,-1,-1,-1,-1,-1,1397,-1,-1,1772,1692
Home2 Suites by Hilton NY Long Island City Manhattan View,922,940,-1,-1,-1,-1,-1,-1,-1,-1,-1,-1,-1,1015,1075,1115,-1,878,848,-1,-1,878,-1,-1,1515,-1,1515,1475,1335,1375,1375,-1,-1,1275,-1,-1,-1,-1,-1,-1,-1,-1,-1,-1,-1,-1,-1,-1,1235,-1,-1,1835,-1,-1,-1,-1,-1,1235,1215,-1,1585,-1,1725,-1,1175,1175,1315,1215,-1,-1,-1,975,-1,-1,-1,-1,1255,1315,1375,1375,-1,-1,-1,-1,-1,1115,1215,-1,995,1095,1155,1135,-1,-1,-1,-1,-1,1215,1215,-1,-1,1175,-1,-1,995,1043,1077,1093,1015,1095,-1,-1,-1,-1,-1,-1,-1,-1,-1,-1,-1,-1,-1,-1,1015,-1,1023,1021,-1,-1,-1,-1,-1,-1,-1,-1,793,841,856,922,-1,-1,-1,-1,-1,-1,-1,-1,-1,831,875,-1,880,929,-1,-1,-1,-1,-1,-1
The Standard East Village,3046,-1,-1,-1,1638,-1,1642,1588,1538,1365,1453,1526,-1,-1,-1,-1,1869,1816,1738,1699,-1,2102,-1,1853,-1,-1,-1,-1,2455,2485,2395,-1,-1,-1,-1,-1,-1,-1,-1,-1,-1,2675,2775,-1,-1,-1,-1,-1,2456,-1,-1,-1,-1,-1,-1,-1,-1,-1,-1,-1,-1,2408,-1,-1,-1,2408,2453,-1,-1,-1,-1,-1,-1,-1,-1,2543,-1,2408,2453,2427,2236,2318,2852,2748,2453,2282,2354,2140,2046,-1,2264,2032,1923,-1,-1,-1,2087,-1,-1,-1,2411,2408,2363,2321,2239,2237,2327,2186,2028,2174,-1,-1,2171,2115,-1,-1,1817,-1,-1,-1,-1,-1,-1,-1,2247,2187,-1,2307,1755,-1,2212,-1,-1,1715,2057,-1,-1,1929,-1,-1,-1,-1,-1,-1,1200,-1,1107,-1,-1,-1,-1,-1,-1,-1,-1,-1,-1,-1,-1,-1
DoubleTree Suites by Hilton New York City - Times Square,-1,-1,1738,-1,1533,1523,1680,-1,-1,-1,-1,-1,-1,-1,-1,-1,-1,-1,-1,-1,-1,-1,-1,-1,1810,1855,-1,-1,-1,1973,1695,1695,-1,1785,1785,-1,-1,-1,-1,-1,-1,-1,-1,-1,-1,-1,2266,2317,-1,-1,-1,-1,-1,-1,-1,-1,-1,1987,-1,-1,-1,-1,-1,2395,-1,-1,-1,-1,2026,2064,2028,1942,-1,1745,1795,-1,-1,-1,-1,2281,-1,-1,2176,-1,-1,-1,-1,-1,2136,2261,-1,-1,-1,-1,-1,-1,-1,-1,-1,-1,-1,-1,-1,-1,-1,1698,1564,-1,-1,1421,1446,-1,1538,1438,1452,-1,-1,1414,1711,-1,-1,-1,-1,-1,1416,1416,1415,-1,-1,1474,-1,-1,1483,1417,1400,-1,1525,1550,1550,-1,-1,1595,1595,-1,-1,-1,-1,-1,-1,1720,1679,1691,1655,1546,1510,-1,1607,1532,1612,-1
SpringHill Suites by Marriott Newark Liberty International,-1,-1,-1,-1,-1,-1,-1,-1,-1,-1,-1,-1,-1,-1,-1,-1,-1,-1,-1,-1,-1,-1,-1,-1,-1,-1,-1,-1,-1,-1,-1,-1,-1,-1,-1,642,-1,-1,-1,-1,-1,-1,-1,-1,-1,-1,-1,-1,-1,-1,-1,-1,-1,-1,-1,-1,-1,-1,734,722,905,-1,-1,-1,-1,-1,-1,-1,-1,665,-1,-1,-1,-1,-1,-1,767,579,-1,-1,-1,580,747,767,631,597,597,615,-1,-1,725,-1,-1,-1,-1,-1,-1,599,579,567,606,602,-1,-1,673,693,-1,-1,714,734,-1,-1,-1,-1,642,-1,-1,-1,-1,-1,683,693,728,-1,-1,-1,-1,-1,546,570,-1,-1,688,688,651,641,-1,555,-1,-1,-1,-1,-1,500,-1,-1,-1,-1,-1,626,-1,-1,651,661,-1,-1,-1,-1,-1,-1
Eventi Hotel a Kimpton Hotel,1140,1148,1159,1176,-1,1166,1146,1109,-1,1271,1295,1337,1157,1105,1196,1166,-1,-1,1335,-1,-1,1339,1141,1212,-1,-1,-1,-1,1603,1730,1782,2104,-1,2029,-1,-1,-1,1985,2033,2111,-1,1564,1566,-1,-1,1656,1608,-1,-1,-1,1880,1958,-1,-1,-1,-1,1973,-1,1789,1976,2416,-1,-1,-1,1744,1919,2003,-1,1853,1904,1734,1718,-1,-1,-1,-1,-1,-1,-1,-1,2015,-1,-1,2047,-1,-1,-1,-1,2126,-1,-1,-1,-1,-1,-1,-1,-1,-1,-1,-1,-1,-1,-1,-1,1646,-1,2073,1713,1605,1556,1580,1606,-1,-1,-1,-1,-1,-1,-1,-1,-1,-1,-1,-1,-1,1552,1593,1690,1662,1532,1580,1708,1730,1657,1498,-1,-1,-1,-1,-1,1520,1476,-1,-1,-1,-1,-1,-1,-1,-1,-1,-1,-1,-1,-1,-1,-1,-1,-1,-1
Hampton Inn New York Chelsea,-1,-1,-1,-1,-1,1051,1025,967,-1,-1,-1,-1,-1,-1,-1,-1,-1,-1,-1,-1,-1,-1,-1,-1,-1,-1,-1,1664,-1,-1,-1,-1,1603,1787,1663,1709,-1,-1,-1,-1,1854,1734,1649,1601,1722,1467,1459,1398,-1,-1,-1,-1,-1,-1,-1,1453,1810,1574,1515,1463,-1,-1,-1,-1,-1,-1,-1,-1,1599,1541,-1,1514,1632,1475,-1,-1,-1,-1,-1,-1,-1,1515,1496,1371,-1,-1,-1,-1,-1,-1,-1,-1,-1,1435,-1,-1,1557,1562,1169,1182,-1,-1,-1,-1,-1,-1,-1,-1,1324,1282,-1,1158,1339,-1,1250,1366,-1,-1,-1,-1,1418,-1,-1,-1,-1,-1,-1,-1,-1,-1,1122,1063,-1,-1,-1,-1,-1,-1,-1,-1,656,656,656,646,-1,-1,-1,-1,-1,-1,-1,1012,-1,-1,1083,1177,-1,1255,-1,-1
Comfort Inn Times Square South Area,1082,1114,1174,-1,-1,-1,-1,-1,-1,-1,-1,-1,-1,1242,-1,-1,-1,-1,-1,-1,-1,-1,-1,-1,-1,-1,-1,-1,-1,-1,-1,-1,-1,-1,-1,-1,-1,-1,-1,-1,-1,-1,-1,-1,-1,-1,-1,-1,-1,-1,-1,-1,1229,1228,1228,-1,-1,1403,-1,1317,-1,-1,-1,-1,-1,1483,-1,-1,1406,1424,-1,-1,1366,1539,1470,-1,1436,1436,1412,1436,-1,-1,-1,-1,-1,-1,-1,-1,-1,-1,-1,-1,-1,-1,-1,-1,-1,1028,-1,-1,1135,1360,1239,1244,1012,1006,-1,-1,1110,1076,1076,1076,1092,1084,1092,1092,-1,-1,-1,-1,1098,1128,1085,1056,-1,1014,994,-1,-1,927,-1,-1,775,974,-1,-1,-1,-1,-1,-1,666,-1,-1,-1,-1,-1,-1,-1,1135,1135,1134,1135,-1,1082,1102,-1,-1,-1,1045,946
The Pearl New York,-1,-1,-1,-1,-1,-1,-1,-1,-1,-1,-1,-1,-1,-1,-1,-1,-1,-1,-1,-1,-1,-1,-1,-1,-1,-1,-1,-1,-1,-1,-1,-1,-1,-1,-1,-1,-1,-1,2250,-1,-1,-1,-1,-1,-1,-1,-1,-1,-1,-1,-1,-1,-1,-1,-1,-1,-1,-1,-1,-1,-1,-1,-1,-1,-1,-1,-1,-1,-1,-1,-1,-1,-1,-1,-1,-1,-1,-1,-1,-1,-1,-1,-1,-1,-1,-1,-1,-1,-1,-1,-1,-1,-1,-1,-1,-1,-1,-1,-1,-1,1887,1863,1863,1890,-1,-1,-1,-1,-1,-1,-1,-1,-1,-1,-1,-1,-1,-1,-1,-1,-1,-1,-1,-1,-1,-1,-1,-1,-1,-1,-1,-1,-1,-1,-1,-1,-1,-1,-1,-1,-1,-1,-1,-1,-1,-1,-1,-1,-1,-1,-1,-1,-1,-1,-1,-1,-1,-1,-1,-1
DoubleTree by Hilton Hotel New York - Times Square South,930,1010,-1,1160,1119,1047,-1,-1,-1,-1,-1,1009,835,1021,-1,881,-1,-1,1039,-1,-1,-1,-1,-1,-1,-1,-1,1450,1470,1508,1463,1543,1527,-1,1519,1465,-1,-1,-1,1617,-1,-1,-1,-1,1563,1224,1152,1134,-1,1625,1612,1720,-1,1372,1316,1236,1320,1257,1311,-1,2685,2515,2435,1711,1406,-1,-1,1389,-1,1397,1370,-1,1565,-1,-1,1363,-1,1648,-1,-1,-1,-1,1246,-1,-1,-1,-1,-1,-1,1363,-1,1325,-1,-1,1263,-1,-1,-1,-1,-1,-1,-1,-1,-1,1183,1213,-1,1166,-1,1240,-1,-1,1300,-1,1267,-1,-1,-1,-1,-1,-1,-1,1201,-1,-1,1057,1102,1104,-1,-1,1286,-1,-1,1245,1148,-1,1043,1044,1191,-1,-1,-1,-1,899,1267,-1,-1,-1,-1,-1,1056,-1,-1,-1,1152,-1,-1,-1,-1,-1
The Chatwal a Luxury Collection Hotel New York City,-1,-1,-1,-1,-1,-1,-1,-1,-1,-1,-1,-1,-1,-1,-1,-1,-1,-1,-1,-1,-1,-1,-1,-1,-1,-1,-1,-1,-1,-1,-1,-1,-1,-1,-1,-1,-1,-1,-1,-1,-1,-1,-1,-1,-1,-1,-1,-1,-1,-1,-1,-1,-1,-1,-1,-1,-1,-1,-1,-1,3595,3673,3750,3828,3555,3635,3710,3785,-1,-1,-1,-1,-1,-1,-1,-1,-1,-1,-1,-1,-1,-1,-1,-1,-1,-1,-1,-1,-1,-1,-1,-1,-1,-1,-1,-1,-1,-1,-1,-1,-1,-1,-1,-1,-1,-1,-1,-1,-1,-1,-1,-1,-1,-1,-1,-1,-1,-1,-1,-1,3415,-1,-1,-1,-1,-1,-1,-1,-1,-1,-1,-1,-1,-1,-1,-1,-1,-1,-1,-1,-1,-1,-1,-1,-1,-1,-1,-1,-1,-1,-1,-1,-1,-1,-1,-1,-1,-1,-1,-1
Howard Johnson Inn Jamaica JFK Airport NYC,-1,-1,-1,-1,-1,-1,-1,-1,-1,-1,-1,-1,-1,-1,-1,-1,-1,-1,-1,-1,-1,-1,-1,-1,-1,-1,-1,-1,-1,-1,-1,-1,-1,-1,-1,-1,-1,-1,-1,-1,-1,-1,-1,-1,-1,-1,-1,-1,606,-1,-1,-1,-1,-1,-1,-1,-1,608,-1,-1,-1,-1,-1,-1,-1,-1,-1,-1,-1,-1,-1,-1,-1,552,-1,-1,544,-1,-1,-1,-1,-1,-1,-1,-1,-1,-1,-1,-1,-1,-1,-1,-1,-1,-1,-1,-1,569,-1,-1,-1,-1,-1,-1,-1,-1,-1,-1,-1,-1,-1,-1,-1,504,525,-1,466,480,-1,-1,-1,459,-1,-1,431,-1,-1,-1,-1,-1,-1,-1,-1,434,-1,-1,-1,-1,-1,-1,396,409,-1,-1,-1,-1,-1,-1,-1,-1,-1,-1,-1,430,-1,-1,396,408,-1,-1
Hampton Inn & Suites Staten Island,-1,-1,-1,-1,-1,-1,-1,-1,634,633,-1,-1,670,670,-1,-1,-1,-1,-1,-1,-1,-1,-1,-1,-1,745,-1,-1,-1,-1,-1,-1,-1,-1,-1,-1,-1,-1,-1,-1,-1,-1,-1,-1,-1,-1,-1,-1,-1,-1,-1,-1,-1,-1,-1,-1,-1,-1,-1,-1,-1,-1,-1,-1,745,685,750,-1,-1,-1,-1,-1,-1,-1,-1,-1,905,895,-1,-1,-1,-1,-1,-1,-1,-1,-1,-1,-1,-1,-1,-1,-1,-1,-1,-1,-1,-1,-1,-1,-1,-1,-1,-1,-1,-1,-1,-1,-1,-1,-1,-1,-1,-1,-1,-1,-1,-1,-1,-1,-1,745,745,-1,-1,-1,-1,-1,-1,-1,-1,-1,-1,-1,-1,-1,-1,-1,-1,-1,-1,-1,-1,-1,-1,-1,-1,-1,-1,-1,-1,-1,-1,-1,-1,-1,-1,-1,-1,-1
Howard Johnson Flushing,-1,-1,-1,-1,-1,-1,-1,-1,-1,-1,-1,-1,-1,-1,-1,-1,-1,-1,-1,-1,-1,-1,-1,-1,-1,-1,-1,-1,-1,-1,-1,-1,-1,-1,-1,-1,-1,-1,-1,-1,-1,-1,-1,-1,-1,-1,-1,-1,-1,-1,-1,-1,-1,-1,-1,-1,-1,-1,-1,-1,-1,-1,-1,-1,-1,-1,-1,-1,-1,-1,-1,-1,-1,-1,-1,-1,-1,-1,-1,-1,-1,-1,-1,-1,-1,-1,-1,-1,643,-1,-1,-1,-1,-1,-1,625,-1,560,-1,-1,-1,-1,-1,-1,-1,-1,-1,-1,-1,-1,-1,-1,-1,542,-1,-1,529,542,-1,-1,-1,-1,-1,-1,-1,-1,-1,-1,-1,-1,-1,-1,-1,542,-1,-1,-1,-1,-1,-1,529,542,-1,-1,-1,-1,-1,-1,-1,-1,-1,-1,589,550,562,589,524,536,-1,-1
Ramada Long Island City,-1,-1,-1,-1,-1,533,550,-1,-1,-1,-1,-1,-1,-1,-1,-1,-1,615,636,-1,627,680,702,-1,-1,-1,-1,-1,-1,830,-1,-1,-1,922,-1,-1,-1,-1,-1,-1,-1,830,-1,-1,806,830,-1,-1,-1,-1,-1,-1,-1,-1,-1,-1,806,830,-1,-1,-1,-1,-1,-1,-1,-1,-1,-1,-1,830,-1,-1,806,792,828,-1,-1,-1,-1,-1,-1,769,-1,-1,-1,-1,-1,-1,-1,-1,-1,-1,-1,599,-1,-1,582,-1,-1,-1,-1,-1,-1,-1,-1,-1,-1,-1,-1,582,-1,-1,556,548,572,-1,-1,-1,-1,-1,-1,-1,-1,-1,-1,-1,-1,-1,-1,-1,-1,-1,511,504,552,-1,-1,-1,-1,-1,-1,-1,-1,-1,-1,-1,-1,-1,-1,553,-1,-1,538,528,552,-1,-1,-1,-1,-1
SIXTY Lower East Side,-1,-1,-1,-1,-1,-1,-1,-1,-1,1335,-1,-1,-1,-1,-1,1424,-1,-1,-1,-1,-1,-1,-1,-1,-1,-1,-1,-1,1984,2025,-1,-1,-1,-1,-1,-1,-1,-1,-1,-1,2097,2142,-1,-1,-1,-1,-1,-1,-1,2361,-1,-1,1714,1749,-1,-1,-1,-1,-1,-1,-1,2183,2784,-1,-1,2002,-1,-1,1865,1911,-1,-1,-1,-1,-1,-1,-1,2429,-1,-1,2073,2120,-1,-1,-1,-1,-1,-1,-1,1841,-1,-1,1791,1832,-1,-1,-1,-1,-1,-1,-1,-1,-1,-1,-1,1795,-1,-1,1584,1618,-1,-1,-1,-1,-1,-1,-1,-1,-1,-1,-1,-1,-1,-1,-1,1577,-1,-1,1446,1479,-1,-1,-1,-1,-1,-1,1515,1411,1515,1515,1153,1173,-1,1144,-1,1200,-1,-1,1279,1309,-1,-1,-1,-1,-1,-1,-1,-1,-1,-1
Courtyard by Marriott New York Manhattan SoHo,1215,1215,1215,-1,-1,-1,-1,1099,1267,1267,1267,-1,1328,1328,1328,-1,-1,-1,-1,1241,-1,-1,1403,-1,-1,-1,1945,-1,-1,1932,1893,1914,-1,-1,-1,-1,-1,-1,-1,-1,-1,-1,-1,-1,-1,-1,-1,-1,-1,-1,-1,-1,-1,-1,-1,-1,-1,-1,-1,-1,-1,-1,-1,-1,-1,-1,-1,-1,1709,1709,-1,1709,-1,-1,-1,-1,-1,-1,-1,-1,-1,-1,-1,-1,-1,-1,-1,-1,-1,-1,-1,-1,1765,1765,-1,1765,-1,-1,-1,-1,-1,-1,-1,-1,1605,-1,-1,-1,-1,-1,-1,1508,-1,-1,-1,-1,-1,-1,-1,-1,-1,-1,-1,-1,-1,-1,-1,-1,-1,-1,-1,-1,-1,-1,-1,-1,1266,-1,-1,-1,-1,-1,-1,-1,-1,-1,-1,-1,-1,-1,-1,-1,-1,-1,-1,-1,-1,-1,-1,-1
Best Western Bayside Inn,-1,-1,-1,-1,-1,-1,-1,-1,-1,-1,-1,-1,-1,-1,-1,-1,-1,-1,-1,-1,-1,-1,-1,-1,-1,863,856,-1,-1,830,-1,-1,805,-1,-1,-1,-1,827,799,-1,-1,825,-1,-1,-1,756,-1,-1,-1,799,-1,-1,-1,-1,-1,-1,-1,-1,-1,-1,-1,-1,-1,-1,-1,799,-1,-1,-1,-1,-1,-1,-1,704,752,-1,-1,-1,-1,-1,-1,-1,752,-1,704,728,656,-1,-1,794,769,-1,-1,740,-1,-1,-1,-1,-1,-1,-1,-1,-1,-1,-1,-1,-1,-1,-1,-1,-1,-1,-1,-1,-1,-1,-1,-1,-1,-1,-1,-1,-1,-1,-1,-1,-1,-1,-1,-1,-1,-1,-1,-1,-1,-1,-1,-1,-1,-1,682,705,636,-1,-1,776,-1,-1,-1,694,796,-1,677,736,786,-1,-1,-1,-1,-1
Quality Inn Convention Center,1245,1273,941,1245,-1,-1,1265,1265,886,911,-1,-1,-1,-1,-1,-1,639,661,772,-1,-1,-1,-1,-1,-1,1405,1376,1341,-1,-1,-1,-1,1088,-1,-1,1331,-1,1581,-1,-1,-1,-1,-1,-1,-1,-1,-1,-1,-1,-1,-1,-1,-1,-1,-1,-1,-1,-1,-1,-1,-1,-1,-1,-1,-1,1474,1347,-1,1253,1355,1433,1299,1252,1355,1312,-1,-1,-1,-1,-1,-1,-1,-1,-1,-1,-1,-1,-1,-1,-1,-1,-1,-1,-1,-1,-1,-1,-1,-1,-1,956,1051,956,822,-1,-1,-1,-1,-1,924,924,924,844,924,924,813,1092,-1,-1,-1,-1,-1,-1,-1,-1,-1,-1,-1,-1,-1,-1,-1,-1,-1,-1,-1,-1,-1,-1,-1,-1,-1,-1,-1,-1,-1,-1,-1,-1,-1,-1,-1,-1,1193,1243,-1,1097,-1,-1,-1
Courtyard by Marriott New York Manhattan Times Square,1222,-1,-1,-1,-1,-1,-1,1194,-1,-1,-1,-1,-1,-1,-1,-1,-1,-1,-1,-1,-1,-1,-1,-1,1913,1938,-1,-1,-1,-1,-1,-1,-1,-1,-1,-1,-1,-1,-1,-1,-1,-1,-1,-1,-1,-1,-1,-1,-1,-1,-1,-1,-1,-1,-1,-1,-1,-1,-1,-1,-1,-1,-1,-1,-1,-1,-1,-1,-1,-1,-1,-1,-1,-1,-1,-1,-1,-1,-1,-1,-1,-1,-1,-1,-1,-1,-1,-1,-1,1685,-1,1837,-1,-1,-1,-1,-1,-1,-1,-1,-1,1758,1773,-1,1446,1461,1568,-1,-1,-1,1307,1295,-1,1391,1379,1344,-1,1551,1437,-1,-1,-1,1518,-1,-1,1345,-1,-1,-1,-1,-1,-1,-1,1379,1369,-1,1190,-1,-1,1139,-1,-1,-1,-1,-1,-1,-1,-1,-1,1353,1407,-1,1382,1412,1442,-1,-1,-1,1697,-1
Sheraton LaGuardia East Hotel,-1,-1,-1,-1,-1,-1,-1,-1,-1,-1,-1,-1,-1,-1,-1,-1,-1,-1,-1,-1,-1,-1,-1,-1,-1,-1,-1,-1,-1,-1,-1,-1,-1,-1,-1,-1,-1,-1,-1,-1,-1,-1,-1,-1,-1,1361,-1,-1,1340,-1,-1,1343,-1,-1,-1,1150,1301,1307,1178,-1,-1,1311,1254,-1,-1,-1,-1,-1,-1,-1,-1,-1,-1,1615,1685,1395,1691,1617,1544,1711,1571,1497,1541,-1,1311,1257,1208,1158,1301,1251,1202,1303,1391,1245,1241,1293,1471,-1,-1,-1,-1,-1,1235,1533,-1,-1,1351,-1,-1,1178,1227,-1,-1,1085,-1,-1,1343,1291,1248,-1,-1,-1,-1,-1,-1,-1,-1,-1,-1,-1,-1,-1,-1,-1,-1,-1,-1,1097,1085,1233,-1,-1,-1,-1,-1,-1,-1,-1,-1,-1,-1,-1,-1,-1,-1,-1,-1,-1,-1,-1
The Premier Hotel New York,-1,-1,-1,-1,-1,-1,-1,-1,-1,-1,-1,-1,-1,-1,-1,-1,-1,-1,-1,-1,-1,-1,-1,-1,-1,-1,-1,-1,-1,-1,-1,-1,-1,-1,-1,-1,-1,-1,-1,-1,-1,-1,-1,-1,-1,-1,-1,-1,-1,-1,-1,-1,-1,-1,-1,-1,-1,-1,-1,-1,-1,-1,-1,-1,-1,-1,-1,-1,-1,-1,-1,-1,-1,-1,-1,-1,-1,2106,-1,-1,-1,-1,-1,-1,-1,-1,-1,-1,-1,-1,-1,1669,-1,-1,1486,1557,-1,-1,-1,-1,-1,-1,-1,-1,-1,-1,-1,-1,-1,-1,-1,-1,-1,1517,1546,1633,1437,1651,1574,1669,1725,1630,1544,1450,1637,1510,1595,1659,1541,1466,1516,1589,1473,1364,1396,1475,1712,-1,-1,-1,-1,-1,1782,1881,-1,-1,-1,-1,-1,1681,-1,-1,1666,1701,-1,-1,-1,-1,-1,-1
Hampton Inn JFK Airport,-1,-1,-1,-1,-1,-1,-1,-1,-1,-1,-1,-1,-1,-1,-1,-1,-1,-1,-1,-1,-1,-1,751,-1,-1,-1,-1,-1,-1,1035,-1,-1,-1,1035,935,-1,-1,-1,-1,-1,-1,-1,-1,-1,-1,-1,-1,-1,-1,-1,-1,-1,-1,-1,-1,-1,-1,-1,-1,-1,-1,-1,-1,-1,-1,-1,-1,-1,-1,-1,-1,-1,-1,-1,-1,-1,-1,-1,-1,-1,-1,-1,884,-1,865,-1,-1,-1,770,752,803,787,646,-1,-1,-1,-1,-1,-1,-1,-1,-1,-1,-1,-1,865,-1,-1,-1,865,865,-1,-1,825,865,-1,-1,825,-1,-1,-1,-1,-1,-1,-1,-1,-1,-1,-1,-1,-1,-1,-1,-1,-1,-1,-1,-1,-1,-1,-1,-1,-1,-1,-1,-1,-1,-1,-1,-1,-1,-1,-1,-1,-1,-1,-1,-1,-1,-1
Radisson Martinique on Broadway,-1,-1,-1,-1,-1,-1,-1,-1,-1,-1,-1,-1,-1,-1,-1,-1,-1,-1,-1,-1,-1,-1,-1,-1,-1,1492,-1,-1,-1,1489,-1,-1,-1,1561,-1,-1,-1,-1,-1,-1,-1,-1,-1,-1,-1,-1,-1,-1,-1,-1,-1,-1,-1,-1,-1,-1,1543,1543,1543,1543,-1,1726,-1,-1,-1,-1,-1,-1,-1,1506,-1,-1,-1,-1,-1,-1,-1,1666,-1,-1,-1,1662,-1,-1,1785,1696,1885,1945,-1,-1,1627,1571,-1,-1,1522,-1,-1,1546,1578,-1,-1,-1,-1,-1,-1,-1,-1,-1,-1,-1,-1,-1,-1,-1,-1,-1,-1,-1,-1,-1,-1,-1,-1,-1,1275,1275,1275,1275,-1,-1,1208,-1,1255,1067,1087,1255,-1,-1,-1,-1,-1,-1,-1,961,1268,-1,-1,-1,-1,-1,-1,-1,-1,-1,-1,1308,-1,1469,1440,-1
GEM Hotel - Chelsea an Ascend Hotel Collection Member,-1,-1,1273,-1,-1,1228,-1,1179,-1,-1,-1,-1,-1,-1,-1,-1,-1,-1,-1,-1,-1,-1,-1,-1,-1,-1,-1,-1,-1,-1,-1,-1,-1,1568,-1,-1,-1,-1,-1,-1,-1,-1,-1,-1,-1,-1,-1,-1,-1,-1,-1,-1,-1,-1,1618,1620,-1,1343,-1,-1,-1,-1,-1,-1,-1,-1,-1,-1,-1,-1,-1,-1,-1,-1,-1,-1,1917,-1,-1,-1,-1,-1,-1,-1,-1,-1,1932,-1,-1,1698,1777,-1,-1,-1,-1,-1,-1,1554,1588,1542,-1,-1,-1,-1,-1,-1,-1,-1,-1,-1,-1,-1,1380,-1,1238,-1,1450,1460,-1,-1,-1,-1,-1,-1,-1,-1,-1,-1,-1,-1,-1,-1,-1,-1,-1,-1,-1,-1,-1,-1,-1,-1,919,-1,-1,-1,-1,-1,-1,-1,-1,-1,-1,1367,1237,1201,-1,-1,1503,1391
Residence Inn by Marriott New York Manhattan Midtown East,1136,1160,1172,-1,-1,1251,1081,1071,1080,-1,-1,-1,1035,1054,-1,-1,-1,-1,1010,989,-1,-1,1124,1097,1744,1788,1808,-1,-1,-1,-1,-1,-1,-1,-1,-1,-1,-1,-1,-1,-1,-1,-1,-1,-1,-1,-1,-1,-1,-1,-1,-1,-1,-1,-1,-1,-1,-1,-1,-1,-1,-1,-1,1942,-1,-1,-1,-1,1684,1684,1684,1684,-1,-1,-1,-1,-1,-1,-1,-1,-1,-1,-1,-1,-1,-1,-1,-1,-1,-1,-1,-1,-1,-1,-1,-1,-1,-1,-1,-1,-1,-1,-1,-1,-1,-1,-1,-1,-1,-1,-1,-1,-1,-1,-1,-1,-1,-1,-1,-1,-1,-1,-1,-1,-1,-1,-1,-1,-1,-1,-1,-1,-1,-1,-1,-1,-1,-1,-1,-1,-1,-1,-1,-1,-1,-1,-1,-1,-1,-1,1038,1019,-1,-1,-1,-1,-1,-1,-1,-1
The High Line Hotel,-1,-1,-1,-1,2402,-1,-1,-1,-1,-1,-1,-1,-1,-1,-1,-1,-1,-1,-1,-1,-1,-1,-1,-1,-1,-1,-1,-1,2857,2978,3070,3146,-1,-1,-1,-1,-1,-1,-1,-1,-1,-1,-1,-1,-1,-1,-1,-1,-1,-1,-1,-1,-1,-1,-1,-1,-1,-1,-1,-1,-1,-1,-1,-1,-1,-1,-1,-1,-1,-1,-1,-1,2201,2257,2293,2344,-1,-1,-1,-1,3032,3123,-1,-1,-1,-1,-1,-1,-1,-1,-1,-1,-1,-1,-1,-1,-1,-1,-1,-1,-1,-1,-1,-1,-1,-1,-1,-1,-1,2866,-1,-1,3050,3171,3228,-1,-1,-1,-1,-1,-1,-1,-1,-1,-1,-1,-1,-1,-1,-1,-1,-1,-1,-1,-1,-1,-1,-1,-1,-1,1386,1407,1428,-1,-1,1645,1755,-1,-1,1853,-1,-1,-1,-1,-1,-1,-1,-1,-1,-1
Holiday Inn New York JFK Airport Area,-1,-1,-1,-1,-1,-1,-1,-1,-1,-1,-1,-1,758,783,-1,-1,766,796,-1,-1,786,816,-1,-1,-1,-1,-1,-1,753,780,-1,-1,-1,-1,-1,-1,-1,-1,-1,-1,-1,-1,849,-1,-1,-1,-1,-1,-1,-1,-1,-1,-1,735,-1,-1,759,744,-1,-1,-1,-1,-1,-1,672,-1,-1,-1,618,-1,-1,-1,594,-1,-1,-1,-1,-1,-1,-1,645,-1,-1,-1,603,-1,-1,-1,575,-1,-1,-1,567,-1,-1,-1,-1,-1,-1,-1,-1,-1,-1,-1,-1,-1,-1,-1,-1,-1,-1,-1,-1,-1,-1,-1,-1,-1,-1,-1,-1,-1,-1,-1,-1,-1,-1,-1,-1,-1,-1,-1,-1,-1,-1,-1,-1,-1,-1,-1,-1,-1,-1,-1,-1,-1,569,-1,537,574,-1,-1,542,-1,-1,-1,-1,-1,583,544
Courtyard by Marriott New York City Manhattan Fifth Avenue,1239,1252,1265,-1,-1,-1,1186,1173,1291,1304,1317,-1,-1,-1,-1,-1,-1,-1,-1,1160,-1,-1,-1,-1,-1,-1,-1,-1,-1,1668,1622,1609,-1,1767,1773,-1,-1,-1,-1,-1,-1,2012,-1,-1,-1,-1,-1,-1,-1,-1,-1,-1,-1,-1,-1,-1,-1,-1,-1,-1,-1,-1,2145,-1,-1,-1,-1,-1,-1,-1,-1,-1,-1,-1,-1,-1,-1,-1,-1,-1,-1,-1,-1,-1,-1,-1,-1,-1,-1,-1,-1,-1,-1,-1,-1,-1,-1,-1,-1,-1,-1,-1,-1,-1,-1,-1,-1,-1,-1,-1,-1,-1,-1,-1,-1,-1,-1,-1,-1,-1,-1,-1,-1,-1,-1,-1,-1,-1,-1,-1,-1,-1,-1,-1,-1,-1,-1,-1,-1,-1,-1,-1,-1,-1,-1,-1,-1,-1,-1,-1,-1,-1,-1,-1,-1,-1,-1,-1,-1,-1
The SunBright,-1,-1,-1,-1,-1,-1,-1,-1,-1,-1,-1,-1,-1,-1,-1,-1,-1,-1,-1,-1,-1,-1,-1,-1,-1,-1,-1,-1,-1,-1,-1,-1,-1,-1,-1,-1,-1,-1,-1,-1,-1,-1,-1,-1,-1,-1,-1,-1,-1,-1,-1,-1,-1,-1,-1,-1,-1,-1,-1,-1,-1,-1,-1,-1,-1,-1,-1,-1,-1,-1,-1,-1,-1,-1,-1,-1,-1,-1,436,-1,-1,-1,-1,-1,-1,424,405,-1,-1,424,-1,-1,-1,-1,424,-1,-1,403,422,-1,-1,-1,-1,-1,-1,-1,-1,-1,-1,-1,-1,-1,-1,-1,-1,-1,-1,416,-1,-1,-1,-1,-1,-1,-1,-1,-1,-1,-1,-1,-1,-1,-1,-1,-1,-1,-1,-1,-1,-1,-1,-1,-1,-1,-1,-1,-1,-1,332,-1,424,-1,-1,392,411,-1,358,378,-1,-1
New York Marriott East Side,-1,1275,-1,-1,-1,1295,-1,-1,1205,1285,-1,-1,1125,1185,-1,-1,-1,1295,-1,1167,-1,-1,-1,-1,-1,-1,-1,-1,-1,1615,-1,-1,-1,-1,-1,-1,-1,2005,-1,-1,-1,1745,-1,-1,1965,-1,-1,-1,-1,-1,-1,-1,-1,1395,-1,-1,-1,-1,-1,-1,-1,1935,-1,-1,-1,1685,-1,-1,-1,1645,-1,-1,-1,-1,-1,-1,-1,1835,-1,-1,-1,1575,-1,-1,-1,1715,-1,-1,1605,1715,1735,-1,-1,1905,-1,-1,-1,-1,-1,-1,-1,1515,1675,-1,1375,1475,-1,-1,-1,1415,1455,1385,-1,1715,1645,-1,-1,1905,-1,-1,-1,-1,1825,-1,-1,1565,-1,-1,-1,1345,-1,-1,-1,1565,1588,-1,1261,-1,-1,-1,-1,-1,-1,-1,-1,-1,-1,-1,-1,-1,-1,-1,-1,-1,-1,-1,-1,-1,-1,-1
Hampton Inn Times Square North,1021,-1,-1,1195,-1,-1,-1,-1,-1,-1,-1,-1,-1,-1,-1,-1,931,-1,-1,-1,-1,-1,885,-1,-1,2056,-1,-1,-1,-1,1455,1495,-1,1485,1445,-1,-1,1740,-1,1636,-1,-1,-1,-1,-1,-1,1445,-1,1602,1615,1565,-1,1485,1465,1215,1195,-1,1335,1315,1475,-1,-1,-1,-1,-1,-1,1485,-1,-1,-1,-1,1054,-1,-1,-1,-1,1645,1480,-1,-1,-1,-1,-1,1420,-1,-1,-1,-1,-1,-1,-1,-1,-1,-1,-1,-1,-1,-1,-1,-1,-1,-1,-1,-1,-1,-1,-1,-1,-1,-1,-1,-1,1095,1103,-1,-1,1067,-1,-1,-1,-1,-1,-1,-1,-1,-1,-1,-1,-1,-1,-1,-1,-1,-1,-1,-1,-1,-1,-1,-1,-1,-1,865,-1,-1,-1,-1,-1,-1,-1,843,-1,-1,-1,-1,-1,-1,-1,-1,-1
Shelburne NYC-an Affinia hotel,1028,-1,-1,-1,963,1011,-1,-1,1019,-1,-1,-1,-1,-1,-1,-1,-1,-1,-1,-1,-1,-1,-1,-1,-1,-1,-1,-1,-1,-1,-1,-1,-1,-1,-1,-1,-1,-1,-1,-1,-1,-1,-1,-1,-1,1201,-1,-1,-1,-1,-1,-1,-1,-1,1503,-1,-1,1557,1511,-1,-1,-1,-1,-1,-1,1335,-1,-1,-1,-1,-1,-1,-1,-1,-1,-1,-1,-1,-1,-1,-1,-1,-1,-1,-1,-1,-1,-1,-1,-1,-1,1393,-1,1507,1410,1492,-1,1068,1068,1577,-1,1249,1152,1232,1211,1110,1191,-1,1200,-1,-1,1197,-1,1201,1117,1221,1284,1201,1299,-1,-1,1242,1152,1229,1269,1061,1139,-1,1057,-1,-1,-1,-1,1042,970,1050,-1,970,1045,-1,914,858,921,-1,1193,1133,-1,-1,1087,-1,-1,1191,-1,-1,-1,-1,-1,-1,-1,-1
Wyndham Garden - Manhattan Chelsea West,-1,-1,-1,-1,-1,-1,-1,-1,-1,-1,-1,-1,-1,-1,-1,-1,-1,-1,-1,-1,-1,-1,-1,-1,-1,-1,-1,-1,-1,-1,-1,-1,-1,1662,-1,-1,-1,-1,-1,-1,-1,-1,-1,-1,-1,-1,-1,-1,-1,-1,-1,-1,-1,-1,-1,-1,-1,1524,1524,-1,-1,-1,-1,-1,-1,-1,-1,-1,-1,-1,-1,-1,-1,-1,-1,-1,-1,-1,-1,-1,-1,-1,-1,-1,-1,-1,-1,-1,-1,1294,-1,-1,-1,1359,-1,-1,-1,-1,-1,-1,-1,-1,-1,-1,-1,1071,-1,-1,-1,1145,-1,-1,-1,1027,1081,-1,1021,1066,1148,-1,1380,1119,1123,-1,-1,941,-1,-1,-1,1006,889,-1,1047,947,1168,-1,1045,848,-1,-1,693,696,719,-1,-1,-1,-1,-1,-1,-1,973,-1,-1,-1,-1,-1,1245,1245,1262,-1
The Lombardy,-1,-1,-1,-1,-1,-1,-1,-1,-1,-1,-1,-1,-1,-1,-1,-1,-1,-1,-1,-1,-1,-1,-1,-1,-1,-1,-1,-1,-1,-1,-1,-1,-1,-1,-1,-1,-1,-1,-1,-1,-1,-1,-1,-1,-1,-1,-1,-1,-1,-1,-1,-1,-1,-1,-1,-1,-1,-1,-1,-1,-1,-1,-1,-1,-1,-1,-1,-1,-1,-1,-1,-1,-1,-1,-1,-1,-1,-1,-1,-1,-1,-1,2085,-1,-1,-1,2085,-1,2085,-1,-1,-1,-1,-1,-1,2085,-1,-1,-1,-1,-1,-1,-1,-1,-1,-1,-1,-1,-1,2085,-1,-1,-1,-1,-1,-1,-1,-1,-1,-1,-1,-1,1935,-1,-1,1854,-1,-1,-1,-1,-1,-1,-1,-1,-1,-1,-1,1800,-1,-1,-1,-1,-1,-1,-1,1888,-1,-1,-1,-1,-1,-1,-1,-1,-1,-1,-1,-1,-1,-1
Wyndham Garden Long Island City Manhattan View,-1,833,-1,-1,-1,-1,-1,-1,-1,721,-1,-1,-1,524,-1,-1,-1,-1,-1,-1,-1,-1,-1,-1,-1,-1,-1,-1,-1,-1,-1,-1,-1,-1,-1,-1,-1,-1,-1,-1,-1,-1,-1,-1,-1,-1,-1,-1,-1,-1,-1,-1,-1,-1,-1,-1,-1,-1,-1,-1,-1,-1,-1,-1,-1,-1,1060,-1,-1,-1,-1,-1,-1,1192,-1,-1,-1,796,-1,-1,-1,-1,-1,-1,-1,-1,1212,-1,-1,-1,-1,-1,-1,-1,-1,-1,-1,-1,-1,-1,-1,-1,-1,-1,-1,-1,-1,-1,-1,-1,-1,-1,-1,-1,-1,-1,-1,684,-1,-1,-1,752,-1,-1,734,752,-1,-1,-1,-1,-1,-1,-1,621,-1,-1,-1,-1,-1,-1,-1,-1,-1,-1,-1,769,-1,-1,760,-1,-1,-1,-1,872,-1,-1,874,890,-1,-1
Best Western Plus Newark Airport West,620,-1,-1,-1,-1,-1,-1,-1,-1,-1,-1,-1,-1,-1,-1,-1,-1,-1,-1,-1,-1,-1,-1,-1,-1,-1,-1,-1,-1,-1,582,566,-1,-1,599,-1,-1,-1,608,-1,-1,-1,-1,-1,-1,586,-1,-1,-1,-1,605,-1,-1,-1,-1,-1,-1,-1,-1,-1,-1,-1,-1,-1,-1,-1,-1,-1,-1,-1,-1,-1,-1,624,-1,-1,-1,-1,-1,-1,-1,596,-1,-1,-1,-1,581,563,-1,-1,563,-1,-1,-1,-1,-1,-1,552,-1,-1,-1,-1,-1,-1,-1,683,-1,-1,-1,-1,-1,-1,-1,-1,-1,-1,550,568,-1,-1,-1,-1,-1,-1,-1,-1,-1,-1,-1,-1,-1,-1,-1,-1,-1,-1,-1,-1,-1,-1,-1,-1,-1,524,-1,-1,-1,-1,-1,557,-1,-1,538,556,-1,-1,-1,553,-1,-1
Best Western Plus Arena Hotel,-1,-1,-1,-1,-1,-1,-1,-1,-1,-1,-1,-1,-1,-1,-1,-1,-1,-1,-1,-1,-1,-1,-1,-1,-1,-1,-1,-1,-1,-1,-1,-1,-1,-1,-1,-1,-1,-1,-1,-1,-1,-1,-1,-1,-1,-1,-1,-1,-1,-1,-1,-1,-1,-1,-1,-1,-1,-1,-1,-1,-1,-1,-1,-1,-1,-1,1092,-1,-1,-1,-1,-1,-1,1132,1336,-1,-1,1248,1146,1120,-1,-1,-1,-1,-1,-1,1218,-1,-1,-1,-1,-1,-1,-1,-1,-1,-1,910,-1,-1,-1,-1,-1,-1,-1,-1,-1,-1,-1,-1,-1,-1,-1,-1,-1,-1,-1,-1,-1,-1,-1,-1,-1,-1,-1,-1,-1,-1,-1,-1,-1,-1,-1,-1,-1,-1,-1,-1,-1,-1,-1,-1,-1,-1,-1,-1,-1,-1,-1,-1,-1,-1,-1,1006,-1,-1,872,677,-1,-1
Bentley Hotel,-1,-1,-1,-1,-1,-1,-1,-1,-1,-1,-1,-1,-1,-1,-1,-1,-1,-1,980,-1,-1,-1,-1,-1,-1,-1,-1,-1,-1,-1,-1,-1,-1,-1,-1,-1,-1,-1,-1,-1,-1,-1,-1,-1,-1,-1,-1,-1,-1,-1,-1,-1,-1,-1,-1,-1,-1,-1,-1,-1,-1,-1,-1,-1,-1,-1,-1,-1,-1,-1,2923,-1,-1,-1,-1,-1,1405,1403,1394,1389,-1,-1,-1,-1,-1,-1,2985,-1,-1,-1,-1,-1,-1,-1,2076,-1,-1,1798,1889,-1,-1,-1,-1,-1,-1,-1,-1,-1,1184,1138,1133,1179,-1,-1,-1,-1,-1,-1,-1,-1,-1,-1,-1,-1,-1,-1,-1,-1,-1,-1,-1,-1,-1,-1,-1,-1,-1,-1,-1,-1,868,-1,1488,-1,-1,2023,2041,-1,-1,-1,-1,-1,-1,-1,-1,-1,-1,-1,1104,-1
ink48 hotel a Kimpton Hotel,-1,1303,1482,-1,-1,1346,-1,-1,1084,1083,1121,-1,-1,-1,-1,-1,991,1058,1100,-1,1144,1100,1058,1084,-1,-1,-1,-1,-1,-1,-1,-1,-1,-1,-1,-1,-1,-1,-1,-1,-1,-1,-1,-1,-1,-1,-1,-1,-1,-1,-1,-1,1436,-1,1534,-1,1667,1477,1458,1525,-1,-1,-1,-1,-1,-1,-1,-1,-1,-1,1531,-1,-1,-1,1640,-1,-1,-1,-1,-1,-1,-1,-1,-1,-1,-1,-1,-1,-1,-1,-1,-1,-1,-1,-1,-1,-1,-1,-1,-1,-1,-1,-1,-1,1605,1586,-1,1603,1453,1561,1540,-1,1603,1621,-1,-1,-1,-1,-1,-1,-1,-1,1686,-1,-1,1646,-1,-1,-1,-1,-1,-1,-1,-1,-1,-1,-1,-1,-1,-1,-1,-1,-1,-1,-1,-1,-1,-1,-1,-1,1166,1241,-1,-1,1450,-1,-1,1483,-1,-1
Courtyard by Marriott New York Manhattan Upper East Side,-1,-1,-1,-1,-1,-1,-1,-1,-1,-1,-1,-1,-1,-1,-1,-1,-1,-1,-1,-1,-1,-1,-1,-1,-1,-1,-1,1203,-1,-1,-1,-1,-1,-1,-1,-1,-1,-1,-1,1494,-1,-1,-1,-1,-1,-1,-1,-1,-1,-1,-1,1321,-1,-1,-1,-1,-1,-1,-1,-1,-1,-1,-1,-1,-1,-1,-1,1655,-1,-1,-1,-1,-1,-1,-1,-1,-1,-1,-1,1595,-1,-1,-1,-1,-1,-1,-1,-1,-1,-1,-1,1356,-1,-1,-1,-1,-1,1269,-1,-1,-1,-1,-1,-1,-1,-1,-1,-1,1133,-1,-1,-1,-1,-1,-1,-1,-1,-1,-1,-1,1586,1601,-1,-1,-1,-1,-1,-1,-1,-1,-1,-1,-1,-1,-1,-1,-1,-1,-1,-1,-1,-1,-1,-1,-1,-1,-1,-1,-1,-1,-1,-1,-1,-1,-1,-1,1264,1288,-1,-1
Howard Johnson Bronx Near Stadium,-1,-1,-1,-1,-1,-1,-1,-1,-1,-1,-1,-1,-1,-1,-1,-1,-1,-1,-1,-1,-1,592,625,-1,-1,693,719,-1,682,708,733,-1,697,722,748,-1,-1,-1,-1,-1,-1,-1,-1,-1,-1,-1,-1,-1,-1,-1,-1,-1,-1,-1,-1,-1,-1,786,-1,-1,-1,-1,-1,-1,-1,-1,-1,-1,586,-1,-1,-1,-1,672,698,586,-1,-1,-1,-1,-1,-1,-1,-1,-1,-1,-1,-1,-1,-1,-1,-1,-1,-1,-1,-1,-1,-1,-1,-1,-1,-1,-1,-1,-1,-1,-1,-1,-1,-1,-1,-1,-1,592,618,-1,566,592,618,-1,-1,-1,-1,-1,-1,-1,-1,-1,-1,-1,-1,-1,-1,612,638,-1,-1,-1,-1,-1,648,678,708,-1,-1,-1,-1,-1,-1,-1,-1,-1,-1,783,821,-1,782,820,858,-1
Embassy Suites Newark Airport,-1,-1,-1,-1,-1,-1,-1,-1,-1,-1,-1,-1,-1,-1,-1,-1,-1,-1,-1,-1,-1,-1,-1,-1,-1,-1,-1,-1,-1,-1,-1,-1,-1,-1,-1,-1,-1,-1,-1,-1,-1,-1,-1,-1,-1,-1,-1,-1,-1,-1,-1,-1,-1,-1,-1,-1,-1,-1,-1,-1,-1,-1,-1,-1,-1,-1,-1,-1,-1,-1,-1,-1,-1,-1,-1,-1,-1,-1,-1,-1,-1,-1,-1,-1,-1,-1,-1,-1,-1,-1,-1,-1,-1,-1,-1,-1,-1,-1,-1,-1,-1,-1,-1,-1,-1,-1,-1,-1,-1,-1,-1,-1,-1,-1,-1,-1,-1,-1,-1,-1,-1,-1,-1,-1,-1,-1,-1,-1,-1,-1,-1,-1,-1,-1,-1,-1,-1,-1,-1,-1,-1,-1,-1,-1,-1,-1,-1,-1,-1,-1,-1,-1,-1,-1,-1,-1,-1,-1,-1,-1
Hotel 48LEX New York,-1,-1,-1,-1,-1,-1,-1,1208,1136,-1,-1,-1,-1,-1,-1,-1,-1,-1,-1,-1,-1,-1,-1,-1,-1,-1,-1,-1,-1,-1,-1,-1,-1,-1,-1,-1,-1,2178,-1,-1,2167,2187,-1,-1,-1,-1,-1,-1,-1,1762,-1,-1,-1,-1,-1,-1,-1,-1,-1,-1,-1,-1,-1,-1,-1,-1,-1,-1,-1,-1,-1,-1,-1,-1,-1,-1,-1,-1,-1,-1,-1,-1,-1,-1,-1,2002,-1,-1,1968,1990,-1,-1,1372,-1,-1,-1,-1,1664,1719,-1,-1,-1,-1,-1,-1,-1,-1,-1,-1,-1,-1,-1,-1,-1,-1,-1,1863,1876,-1,-1,-1,-1,1723,-1,-1,-1,-1,-1,-1,-1,-1,-1,-1,-1,-1,-1,-1,1080,1505,-1,-1,-1,-1,-1,-1,-1,-1,-1,-1,-1,-1,-1,-1,-1,-1,-1,-1,-1,-1,-1
Hilton Garden Inn Tribeca,-1,-1,-1,-1,-1,-1,-1,1089,-1,-1,-1,-1,-1,-1,-1,-1,-1,-1,-1,-1,-1,-1,-1,-1,-1,-1,-1,-1,-1,1685,-1,-1,-1,-1,-1,-1,-1,-1,-1,-1,-1,-1,-1,-1,-1,-1,-1,-1,-1,-1,-1,-1,-1,-1,-1,-1,-1,-1,-1,-1,-1,-1,-1,-1,-1,-1,-1,-1,-1,1698,-1,-1,1845,-1,1745,1770,-1,1670,1542,-1,-1,-1,-1,-1,-1,-1,-1,-1,-1,-1,-1,-1,-1,-1,-1,-1,-1,-1,-1,-1,-1,-1,-1,-1,-1,-1,-1,-1,-1,1335,1405,-1,1348,-1,1446,-1,-1,-1,-1,-1,-1,-1,-1,-1,-1,1316,1288,-1,1270,1282,-1,1477,-1,-1,1516,1413,-1,-1,-1,-1,-1,-1,-1,788,-1,-1,-1,-1,-1,-1,-1,-1,1145,1065,-1,-1,-1,1385,-1,-1
Residence Inn New York The Bronx At Metro Center Atrium,-1,-1,-1,-1,-1,-1,-1,-1,-1,-1,-1,-1,-1,-1,-1,-1,-1,-1,-1,-1,-1,-1,-1,-1,-1,-1,-1,-1,-1,-1,-1,-1,-1,-1,-1,-1,-1,-1,-1,-1,-1,-1,-1,-1,-1,-1,-1,-1,-1,-1,-1,-1,-1,-1,-1,-1,-1,-1,-1,-1,-1,-1,-1,-1,-1,-1,-1,-1,-1,-1,-1,-1,-1,-1,-1,-1,-1,-1,-1,-1,-1,-1,-1,-1,-1,-1,958,-1,-1,-1,-1,-1,-1,-1,-1,-1,-1,958,-1,-1,-1,-1,-1,-1,-1,-1,-1,-1,-1,-1,-1,-1,-1,-1,-1,-1,-1,-1,-1,-1,-1,-1,958,-1,-1,-1,-1,-1,-1,-1,-1,-1,-1,958,-1,-1,-1,-1,-1,-1,-1,-1,-1,-1,-1,-1,-1,-1,-1,-1,-1,-1,-1,-1,-1,-1,-1,-1,-1,-1
Hyatt Place Flushing LaGuardia Airport,-1,-1,-1,-1,-1,1085,-1,-1,-1,-1,-1,-1,-1,-1,-1,-1,-1,-1,-1,-1,-1,-1,-1,-1,-1,-1,-1,-1,-1,-1,-1,-1,-1,-1,-1,-1,868,-1,-1,-1,1751,-1,1315,931,1816,1512,1264,-1,-1,-1,-1,-1,-1,-1,1775,-1,-1,1595,-1,-1,-1,1415,1645,1625,-1,-1,-1,-1,-1,-1,-1,-1,-1,-1,-1,-1,-1,-1,-1,-1,-1,-1,-1,-1,-1,-1,-1,-1,-1,1055,-1,-1,1135,-1,-1,-1,-1,-1,-1,-1,-1,-1,-1,-1,-1,-1,-1,-1,-1,-1,-1,-1,-1,-1,-1,-1,-1,-1,-1,-1,-1,-1,-1,-1,868,-1,-1,-1,1089,-1,-1,-1,-1,-1,-1,-1,802,813,-1,-1,-1,-1,-1,-1,-1,-1,-1,-1,-1,-1,-1,-1,-1,-1,-1,-1,-1,-1,-1,-1
San Carlos Hotel,-1,-1,-1,-1,-1,-1,-1,-1,-1,-1,-1,-1,-1,-1,-1,-1,-1,-1,-1,-1,-1,-1,-1,-1,-1,-1,-1,-1,-1,-1,-1,-1,-1,-1,-1,-1,-1,-1,-1,-1,-1,-1,-1,-1,-1,-1,1989,-1,-1,-1,-1,-1,-1,-1,-1,-1,-1,-1,-1,-1,-1,-1,-1,-1,2016,1914,1941,1966,1702,-1,1709,1709,-1,1763,1723,9240,2065,1985,-1,-1,-1,-1,-1,-1,-1,-1,-1,-1,-1,-1,-1,-1,-1,-1,-1,-1,-1,-1,-1,-1,-1,-1,-1,-1,-1,-1,-1,-1,-1,-1,-1,-1,-1,-1,-1,-1,-1,-1,-1,-1,-1,-1,-1,-1,-1,-1,-1,-1,-1,-1,-1,-1,-1,-1,-1,-1,-1,-1,-1,-1,-1,-1,-1,-1,-1,-1,-1,-1,-1,-1,1581,-1,-1,1763,1729,-1,-1,1867,1878,-1
The Roger,-1,-1,-1,-1,-1,-1,-1,-1,-1,-1,-1,-1,-1,-1,-1,-1,-1,-1,-1,-1,-1,-1,-1,-1,-1,-1,-1,-1,-1,-1,-1,-1,-1,-1,-1,-1,-1,-1,-1,-1,-1,-1,-1,-1,-1,-1,-1,-1,-1,-1,-1,-1,1725,1725,1725,1725,-1,-1,-1,-1,-1,-1,-1,-1,-1,-1,-1,-1,-1,-1,-1,-1,-1,-1,-1,-1,-1,-1,-1,-1,-1,-1,-1,-1,-1,-1,-1,-1,-1,-1,-1,-1,-1,-1,-1,-1,-1,-1,-1,-1,-1,1665,1673,1661,1515,1523,1511,1531,1517,1505,1525,1499,1563,1583,1557,1557,1661,1635,1635,1635,1569,1569,1595,1587,1439,1465,1457,1465,1425,1417,1425,1407,1438,1451,1433,-1,1277,-1,-1,-1,-1,-1,-1,1059,1335,1339,-1,-1,1359,1365,-1,1359,-1,-1,1493,1169,-1,-1,-1,-1
Wyndham New Yorker,-1,-1,-1,-1,-1,-1,-1,-1,-1,-1,-1,-1,-1,-1,-1,-1,-1,-1,-1,-1,-1,-1,-1,-1,-1,-1,-1,-1,-1,-1,-1,-1,-1,-1,-1,-1,-1,-1,-1,-1,-1,-1,-1,-1,-1,-1,-1,-1,-1,-1,-1,-1,-1,-1,-1,-1,-1,-1,-1,-1,-1,-1,-1,-1,-1,-1,-1,-1,-1,-1,-1,-1,-1,-1,1447,-1,-1,-1,-1,-1,-1,-1,-1,-1,-1,-1,-1,-1,-1,1078,1063,-1,1269,974,1258,1235,1038,1024,-1,-1,-1,-1,-1,-1,-1,-1,-1,-1,-1,-1,-1,-1,-1,-1,-1,-1,1087,1110,1120,1120,-1,1113,1259,-1,-1,-1,-1,-1,-1,-1,-1,-1,-1,-1,-1,-1,-1,-1,-1,-1,-1,-1,-1,-1,-1,-1,-1,-1,-1,-1,-1,-1,-1,-1,-1,945,-1,1168,1070,-1
Roxy Hotel Tribeca (formerly the Tribeca Grand Hotel),-1,-1,-1,-1,-1,-1,-1,-1,-1,-1,-1,-1,-1,-1,-1,-1,-1,-1,-1,-1,-1,-1,-1,-1,-1,-1,-1,-1,-1,-1,-1,-1,-1,-1,-1,-1,-1,-1,-1,-1,2315,-1,-1,-1,-1,-1,-1,-1,-1,-1,-1,-1,-1,-1,-1,-1,-1,-1,-1,1471,-1,-1,-1,-1,-1,-1,-1,-1,-1,-1,-1,-1,-1,-1,-1,-1,-1,-1,-1,-1,-1,-1,-1,-1,-1,-1,-1,-1,-1,-1,-1,-1,-1,-1,1909,1946,-1,1748,1748,1842,-1,-1,-1,-1,-1,-1,-1,-1,-1,-1,-1,-1,-1,1840,1840,-1,-1,1894,-1,-1,-1,-1,-1,-1,1470,-1,-1,-1,-1,-1,1589,1363,-1,1813,1813,-1,1707,1698,-1,1552,-1,-1,-1,-1,-1,-1,1276,1276,-1,-1,-1,-1,-1,1617,-1,1634,-1,1591,1591,-1
Courtyard Newark Elizabeth,-1,-1,-1,-1,-1,-1,-1,-1,-1,-1,-1,-1,825,890,-1,-1,-1,975,900,825,1030,955,880,-1,815,860,935,-1,-1,995,920,-1,1070,995,940,-1,-1,-1,-1,-1,-1,-1,-1,-1,1100,-1,-1,-1,-1,-1,-1,-1,-1,970,890,-1,1035,955,-1,-1,-1,-1,-1,-1,-1,-1,-1,-1,-1,1010,-1,-1,1085,-1,-1,-1,-1,-1,-1,-1,-1,950,-1,-1,-1,-1,-1,-1,-1,-1,-1,-1,-1,-1,-1,-1,-1,-1,-1,-1,-1,-1,-1,-1,-1,-1,940,-1,-1,-1,-1,-1,-1,-1,-1,-1,-1,-1,-1,-1,-1,815,-1,-1,755,-1,-1,-1,-1,905,-1,-1,-1,-1,-1,-1,-1,-1,-1,-1,-1,-1,-1,-1,-1,-1,-1,-1,995,905,-1,-1,-1,-1,-1,-1,-1,-1,-1,-1
Best Western Bowery Hanbee Hotel,-1,-1,-1,-1,-1,-1,-1,-1,-1,-1,-1,-1,-1,-1,-1,-1,-1,-1,-1,-1,-1,-1,-1,-1,-1,1379,1377,-1,-1,1435,1379,-1,-1,1475,-1,-1,-1,-1,1456,-1,-1,-1,-1,-1,-1,-1,-1,-1,1467,1514,1651,-1,-1,-1,-1,-1,-1,1323,1318,-1,-1,1474,1474,-1,-1,-1,1402,-1,-1,-1,1399,-1,-1,-1,-1,-1,-1,-1,1421,-1,1404,1421,1387,-1,-1,1474,1474,-1,-1,-1,1402,-1,-1,-1,-1,-1,-1,1244,1310,-1,-1,-1,-1,-1,-1,-1,-1,-1,-1,-1,-1,-1,-1,-1,-1,-1,-1,-1,-1,-1,-1,-1,-1,-1,-1,-1,-1,-1,873,863,865,876,950,985,-1,-1,-1,-1,-1,-1,-1,-1,-1,-1,-1,-1,-1,-1,-1,-1,-1,-1,-1,-1,-1,-1,-1,-1,1026,985
The St. Regis New York,-1,-1,-1,-1,-1,-1,-1,-1,-1,-1,-1,-1,-1,-1,-1,-1,-1,-1,-1,-1,-1,-1,-1,-1,-1,-1,-1,-1,-1,-1,-1,-1,-1,-1,-1,-1,-1,-1,-1,-1,-1,-1,-1,5357,-1,-1,5382,-1,-1,-1,-1,-1,-1,-1,5061,5161,-1,-1,-1,-1,4907,5022,5126,5231,-1,5175,5406,-1,-1,-1,-1,-1,5266,5156,5175,4947,-1,-1,-1,-1,-1,-1,-1,-1,5075,4135,4224,4310,3955,4045,4130,4216,4106,4020,-1,4116,4010,-1,3936,4016,4776,-1,4586,-1,-1,4637,4736,-1,4971,4871,4871,4971,-1,4876,4777,4672,-1,4926,4822,-1,-1,-1,-1,-1,-1,-1,-1,-1,-1,-1,4631,4726,-1,4876,-1,-1,-1,-1,-1,-1,-1,-1,-1,4235,-1,-1,-1,-1,-1,-1,-1,-1,-1,-1,-1,-1,-1,-1,-1,-1
Crowne Plaza Times Square Manhattan,-1,-1,-1,-1,1069,1085,-1,-1,1368,-1,-1,-1,-1,-1,-1,-1,-1,-1,-1,-1,-1,-1,-1,-1,-1,-1,-1,-1,-1,-1,-1,-1,-1,2020,1815,-1,-1,-1,-1,-1,-1,-1,-1,-1,-1,-1,-1,-1,-1,-1,-1,-1,-1,1294,1337,1367,-1,-1,-1,-1,1899,2215,-1,-1,-1,2094,-1,-1,-1,-1,-1,-1,1218,1249,1277,-1,-1,-1,1531,-1,2023,2044,2002,-1,-1,-1,-1,-1,-1,-1,-1,-1,-1,-1,-1,-1,-1,1331,-1,-1,1318,1696,1197,-1,1168,1632,-1,-1,1081,1620,-1,-1,1172,1672,-1,-1,1668,1683,-1,-1,1740,1316,-1,-1,1542,-1,-1,-1,1387,-1,-1,-1,1312,-1,1213,-1,1057,1076,1094,-1,983,-1,-1,-1,-1,-1,-1,-1,-1,-1,-1,-1,-1,-1,-1,-1,1303,-1,-1,-1
Hudson New York Central Park,-1,-1,-1,-1,-1,-1,-1,-1,-1,-1,-1,-1,-1,-1,-1,-1,-1,-1,-1,-1,-1,-1,-1,-1,-1,-1,-1,-1,-1,-1,-1,-1,-1,-1,-1,-1,-1,-1,-1,-1,-1,-1,-1,-1,-1,-1,-1,-1,-1,-1,-1,-1,-1,-1,-1,-1,-1,-1,-1,-1,-1,-1,-1,-1,-1,-1,-1,-1,-1,-1,-1,-1,-1,-1,1487,-1,-1,-1,-1,-1,-1,-1,-1,-1,-1,-1,-1,-1,-1,-1,-1,-1,-1,-1,-1,-1,-1,1236,-1,-1,-1,-1,-1,-1,-1,-1,-1,-1,-1,-1,-1,-1,-1,1075,1105,-1,-1,-1,-1,-1,-1,-1,-1,-1,-1,-1,-1,-1,1022,-1,968,-1,925,830,910,-1,893,-1,-1,-1,-1,-1,-1,-1,-1,-1,-1,-1,-1,-1,955,-1,-1,-1,-1,-1,-1,-1,-1,-1
Hampton Inn New York - LaGuardia Airport,-1,-1,-1,-1,-1,-1,-1,-1,-1,-1,-1,-1,-1,-1,-1,-1,-1,-1,-1,-1,-1,-1,-1,-1,-1,-1,-1,-1,-1,-1,-1,-1,-1,-1,-1,-1,-1,-1,-1,-1,-1,-1,-1,-1,-1,-1,-1,-1,-1,-1,-1,-1,-1,-1,-1,-1,-1,-1,-1,-1,-1,-1,-1,-1,-1,-1,-1,-1,-1,-1,-1,-1,-1,-1,-1,-1,-1,-1,-1,-1,-1,-1,-1,-1,-1,-1,-1,-1,-1,-1,-1,-1,-1,-1,-1,-1,-1,-1,-1,-1,-1,-1,-1,-1,-1,-1,-1,-1,-1,-1,-1,-1,-1,-1,-1,-1,-1,-1,-1,-1,-1,-1,-1,-1,-1,-1,843,-1,-1,875,-1,-1,-1,-1,-1,-1,-1,-1,-1,-1,-1,-1,-1,-1,835,845,-1,-1,-1,-1,-1,-1,-1,-1,-1,-1,-1,-1,-1,-1
Wyndham Garden Chinatown,-1,-1,-1,-1,-1,-1,-1,-1,-1,-1,-1,-1,-1,-1,-1,-1,-1,-1,-1,-1,-1,-1,-1,-1,-1,-1,-1,-1,-1,-1,-1,-1,-1,-1,-1,-1,-1,-1,-1,-1,-1,-1,-1,-1,-1,-1,-1,-1,-1,-1,-1,-1,-1,-1,-1,-1,-1,-1,-1,-1,-1,-1,-1,-1,-1,-1,-1,-1,-1,-1,-1,-1,-1,-1,-1,-1,-1,-1,-1,-1,-1,-1,-1,-1,-1,-1,-1,-1,-1,-1,-1,-1,-1,-1,-1,-1,1372,1176,1209,1372,-1,-1,-1,-1,-1,-1,-1,-1,-1,-1,-1,-1,-1,1356,1159,-1,1201,1126,-1,-1,-1,-1,-1,-1,-1,-1,-1,-1,-1,-1,-1,-1,-1,970,999,-1,-1,-1,-1,-1,666,718,731,-1,-1,-1,-1,-1,-1,-1,-1,-1,-1,941,1017,-1,1060,1074,-1,-1
Courtyard New York Manhattan Times Square West,1250,-1,-1,-1,-1,-1,-1,-1,1125,1138,1261,-1,1174,1187,1216,-1,-1,-1,-1,-1,-1,-1,-1,-1,-1,-1,-1,-1,-1,-1,-1,-1,-1,-1,-1,-1,-1,-1,-1,-1,-1,-1,-1,-1,-1,-1,-1,-1,-1,-1,-1,-1,-1,-1,-1,-1,-1,-1,-1,-1,-1,-1,-1,-1,-1,-1,-1,-1,-1,-1,-1,-1,-1,-1,-1,-1,-1,-1,-1,-1,-1,-1,-1,-1,-1,-1,-1,-1,-1,-1,-1,-1,-1,1275,-1,-1,-1,-1,-1,-1,-1,-1,-1,-1,-1,-1,-1,-1,-1,-1,-1,-1,-1,-1,-1,-1,-1,-1,-1,-1,-1,-1,-1,-1,-1,-1,-1,-1,-1,-1,-1,-1,-1,-1,-1,-1,-1,-1,-1,-1,-1,-1,-1,-1,-1,-1,-1,-1,-1,-1,-1,-1,-1,-1,-1,-1,-1,-1,-1,-1
The Kitano New York,2508,-1,-1,-1,-1,-1,-1,-1,-1,-1,-1,-1,1605,1717,-1,-1,-1,-1,-1,-1,-1,-1,-1,-1,-1,-1,-1,-1,-1,-1,-1,-1,2374,2542,-1,-1,-1,2265,-1,-1,2110,2262,2385,2434,-1,-1,-1,-1,2218,1893,-1,-1,2072,-1,-1,-1,-1,-1,-1,2509,-1,-1,-1,-1,-1,-1,-1,-1,-1,-1,-1,-1,-1,-1,-1,-1,-1,-1,-1,-1,-1,-1,-1,-1,-1,-1,-1,-1,-1,-1,-1,-1,-1,-1,-1,-1,-1,-1,-1,-1,-1,-1,-1,-1,-1,-1,-1,-1,-1,-1,-1,-1,-1,-1,-1,-1,-1,-1,-1,-1,-1,-1,-1,-1,-1,-1,-1,-1,-1,-1,-1,-1,-1,-1,-1,-1,-1,-1,-1,-1,-1,-1,-1,-1,-1,-1,-1,-1,-1,-1,-1,-1,-1,-1,-1,-1,-1,-1,-1,-1
Aloft Harlem,-1,-1,-1,-1,-1,-1,-1,-1,-1,-1,-1,-1,-1,-1,-1,-1,-1,-1,-1,-1,-1,1040,1043,988,-1,-1,-1,-1,1065,1065,1065,1065,-1,-1,-1,-1,-1,-1,-1,-1,-1,-1,-1,-1,-1,-1,-1,-1,1120,1164,-1,-1,-1,-1,-1,-1,-1,1272,1326,1381,-1,-1,1284,-1,1381,-1,1164,-1,-1,-1,-1,-1,-1,-1,1240,-1,1175,-1,1249,-1,-1,-1,1225,-1,-1,1220,-1,-1,1537,-1,-1,-1,-1,-1,-1,-1,1443,-1,-1,-1,1106,-1,-1,-1,1317,-1,-1,-1,-1,-1,-1,-1,-1,-1,-1,-1,-1,-1,-1,-1,-1,-1,-1,-1,-1,-1,-1,-1,-1,-1,-1,-1,-1,-1,-1,-1,-1,-1,-1,-1,-1,-1,-1,-1,-1,-1,-1,-1,-1,-1,-1,-1,-1,-1,-1,-1,-1,-1,-1,-1
Super 8 Brooklyn   Park Slope Hotel,-1,-1,-1,-1,-1,-1,770,-1,-1,-1,-1,-1,-1,-1,-1,-1,-1,-1,-1,-1,-1,869,-1,-1,-1,-1,869,-1,-1,-1,-1,-1,-1,869,-1,-1,-1,-1,-1,-1,-1,-1,-1,-1,-1,-1,-1,-1,-1,-1,-1,-1,-1,-1,-1,-1,-1,756,-1,-1,-1,-1,-1,-1,-1,-1,-1,-1,-1,-1,-1,-1,-1,-1,-1,-1,-1,-1,-1,-1,-1,-1,-1,-1,-1,-1,-1,-1,-1,-1,-1,-1,-1,-1,-1,-1,-1,-1,-1,-1,-1,-1,-1,-1,-1,-1,-1,-1,-1,-1,-1,-1,-1,-1,-1,-1,-1,-1,-1,-1,-1,-1,-1,-1,-1,-1,-1,-1,-1,-1,-1,-1,-1,-1,-1,-1,-1,-1,824,-1,-1,-1,-1,-1,-1,-1,-1,-1,-1,-1,-1,-1,-1,-1,-1,-1,-1,784,-1,-1
Baccarat Hotel and Residences New York,-1,-1,-1,-1,-1,-1,-1,-1,-1,-1,-1,-1,-1,-1,-1,-1,-1,-1,-1,-1,-1,-1,-1,-1,-1,-1,-1,-1,5500,-1,-1,-1,-1,-1,-1,-1,-1,-1,-1,-1,-1,-1,-1,-1,-1,-1,-1,-1,-1,-1,-1,-1,-1,-1,-1,-1,-1,-1,-1,-1,-1,-1,-1,-1,-1,-1,-1,-1,-1,-1,-1,-1,-1,-1,-1,-1,-1,-1,-1,-1,-1,-1,-1,-1,-1,-1,-1,-1,-1,-1,-1,-1,-1,-1,-1,-1,-1,-1,-1,-1,-1,-1,-1,-1,-1,-1,-1,-1,-1,-1,-1,-1,-1,-1,-1,-1,-1,-1,-1,-1,-1,-1,-1,-1,-1,-1,-1,-1,3775,-1,-1,-1,3775,-1,-1,-1,3650,-1,-1,-1,3575,-1,-1,-1,-1,-1,-1,-1,3600,-1,-1,-1,-1,5225,5225,4250,-1,-1,-1,-1
The Mark,-1,-1,-1,-1,-1,-1,-1,-1,-1,-1,-1,-1,-1,-1,-1,-1,-1,-1,-1,-1,-1,2405,2310,2215,-1,-1,-1,-1,-1,-1,-1,-1,-1,-1,-1,-1,-1,-1,-1,-1,-1,-1,-1,-1,-1,-1,-1,-1,-1,-1,-1,-1,-1,-1,-1,-1,-1,-1,-1,-1,-1,-1,-1,-1,-1,-1,-1,-1,-1,-1,-1,-1,-1,-1,-1,-1,-1,-1,-1,-1,-1,-1,-1,-1,-1,-1,-1,-1,-1,-1,-1,-1,-1,-1,-1,-1,-1,-1,-1,-1,-1,-1,-1,-1,-1,-1,-1,-1,-1,-1,-1,-1,-1,-1,-1,-1,-1,-1,-1,-1,-1,-1,-1,-1,-1,-1,-1,-1,-1,-1,-1,-1,-1,-1,-1,-1,-1,-1,-1,-1,-1,-1,-1,-1,-1,-1,-1,-1,-1,-1,-1,-1,-1,-1,-1,-1,-1,-1,-1,-1
The Out NYC,-1,-1,-1,-1,-1,-1,-1,-1,-1,-1,-1,-1,-1,-1,-1,-1,-1,-1,-1,-1,-1,-1,-1,-1,-1,-1,-1,-1,-1,-1,-1,-1,-1,-1,-1,-1,-1,-1,-1,-1,-1,-1,-1,-1,-1,-1,-1,-1,-1,-1,1822,-1,1592,-1,-1,-1,-1,-1,-1,1572,-1,2009,2037,-1,-1,1804,1660,1511,1647,1716,1773,1643,-1,1731,1588,-1,1673,1633,1633,1659,1617,1579,1579,1613,1388,1403,1777,1825,1760,1622,1723,1753,-1,-1,-1,-1,1682,1642,1532,-1,1497,1462,1462,1492,1416,1474,1381,1407,-1,1336,-1,-1,-1,-1,-1,-1,-1,-1,-1,-1,-1,-1,-1,-1,-1,-1,-1,-1,-1,-1,-1,-1,-1,-1,-1,-1,-1,-1,-1,-1,-1,-1,-1,-1,-1,-1,-1,-1,-1,-1,-1,-1,-1,-1,-1,-1,-1,-1,-1,-1
Chelsea Inn,-1,-1,-1,-1,-1,655,-1,-1,-1,-1,-1,-1,-1,-1,-1,-1,612,612,612,612,-1,-1,-1,-1,-1,-1,-1,-1,-1,-1,-1,-1,-1,-1,-1,-1,-1,-1,-1,-1,-1,-1,-1,-1,-1,-1,-1,-1,-1,-1,-1,-1,-1,-1,-1,-1,-1,-1,-1,-1,-1,-1,-1,-1,-1,-1,-1,-1,838,868,898,-1,-1,-1,-1,-1,-1,-1,-1,-1,-1,-1,-1,-1,-1,833,-1,-1,-1,-1,828,-1,-1,-1,833,-1,-1,-1,-1,-1,-1,-1,-1,-1,-1,-1,-1,-1,-1,-1,-1,-1,-1,-1,-1,-1,-1,-1,-1,-1,-1,-1,-1,-1,-1,-1,-1,-1,-1,-1,-1,-1,-1,-1,-1,-1,-1,-1,-1,-1,-1,-1,-1,-1,-1,-1,-1,-1,-1,-1,-1,-1,-1,554,-1,-1,-1,550,518,-1
Courtyard by Marriott New York Manhattan   Central Park,-1,-1,-1,-1,-1,-1,-1,-1,-1,-1,-1,-1,-1,-1,-1,-1,-1,-1,-1,-1,-1,1192,-1,-1,-1,-1,-1,-1,-1,-1,-1,-1,-1,-1,-1,-1,-1,-1,-1,-1,-1,-1,-1,1831,-1,-1,-1,-1,-1,-1,-1,-1,-1,-1,-1,-1,-1,-1,-1,-1,-1,-1,-1,-1,-1,-1,-1,-1,-1,-1,-1,1756,-1,-1,-1,-1,-1,-1,-1,-1,-1,-1,1755,1769,-1,1854,1818,-1,-1,-1,-1,-1,-1,-1,1740,-1,-1,-1,-1,-1,-1,-1,-1,-1,-1,-1,-1,-1,-1,-1,1622,-1,-1,-1,-1,-1,-1,-1,-1,-1,-1,-1,-1,-1,-1,-1,-1,-1,1285,1300,1269,-1,-1,-1,1336,-1,1271,1301,-1,-1,-1,-1,-1,1233,1345,1321,1380,-1,-1,-1,-1,-1,-1,-1,1552,-1,-1,-1,-1,-1
Hilton New York JFK Airport,-1,-1,-1,-1,-1,-1,-1,-1,-1,-1,-1,-1,-1,-1,-1,-1,-1,-1,-1,-1,-1,-1,1195,-1,-1,-1,-1,1605,-1,-1,-1,-1,-1,-1,-1,-1,-1,-1,-1,-1,-1,-1,-1,-1,-1,-1,-1,-1,-1,1050,-1,-1,1185,-1,-1,-1,1147,1129,1191,-1,-1,-1,-1,-1,-1,-1,-1,-1,-1,-1,-1,-1,-1,-1,-1,-1,-1,-1,-1,-1,1065,1155,1145,-1,-1,-1,-1,-1,1093,1027,1232,1311,-1,-1,-1,-1,-1,-1,-1,-1,-1,-1,-1,-1,-1,-1,-1,-1,-1,-1,-1,-1,-1,-1,-1,-1,-1,-1,-1,-1,-1,-1,-1,-1,-1,-1,-1,-1,-1,-1,-1,-1,-1,-1,-1,-1,-1,-1,-1,-1,-1,-1,-1,-1,-1,-1,-1,-1,-1,-1,-1,-1,-1,-1,-1,-1,-1,-1,-1,-1
Blakely New York,-1,-1,-1,-1,-1,-1,-1,-1,-1,-1,-1,-1,-1,-1,-1,-1,-1,1265,-1,-1,-1,-1,-1,-1,-1,-1,-1,-1,-1,-1,-1,-1,-1,-1,-1,-1,-1,-1,-1,-1,-1,-1,-1,-1,-1,-1,-1,-1,-1,-1,-1,-1,-1,-1,-1,-1,-1,-1,-1,-1,-1,-1,-1,-1,2244,2182,1995,2244,1995,2120,2182,1995,2147,2146,2092,2146,2195,2195,2397,2195,-1,-1,-1,-1,2195,2195,2195,2195,-1,-1,2285,-1,-1,2187,2311,-1,-1,-1,-1,-1,1697,-1,1697,1668,-1,-1,-1,-1,-1,1715,1716,1706,1715,1715,1716,1685,-1,-1,-1,-1,-1,-1,-1,-1,-1,-1,-1,-1,-1,-1,-1,-1,-1,-1,-1,-1,-1,-1,-1,-1,1356,1357,1357,1357,1375,1375,1375,1365,-1,-1,-1,-1,-1,-1,-1,-1,-1,-1,-1,-1
Days Inn Bronx Near Stadium,-1,-1,-1,-1,-1,-1,-1,-1,-1,-1,-1,-1,-1,-1,-1,-1,-1,-1,-1,-1,-1,515,662,-1,-1,-1,-1,-1,-1,-1,-1,-1,-1,613,-1,-1,-1,-1,-1,-1,-1,-1,-1,-1,-1,464,-1,-1,-1,-1,-1,-1,-1,-1,-1,-1,-1,464,-1,-1,-1,-1,-1,-1,-1,-1,-1,-1,-1,-1,-1,-1,-1,-1,-1,-1,-1,-1,-1,-1,-1,-1,-1,-1,-1,-1,-1,-1,-1,-1,-1,-1,-1,-1,-1,-1,-1,-1,-1,-1,-1,-1,-1,-1,-1,-1,-1,-1,-1,-1,-1,-1,-1,-1,-1,-1,-1,-1,577,-1,-1,-1,-1,-1,-1,-1,-1,-1,-1,-1,-1,-1,-1,-1,577,-1,-1,-1,-1,-1,-1,-1,-1,-1,-1,-1,-1,-1,-1,-1,-1,-1,-1,-1,-1,-1,-1,-1,-1,-1
The Benjamin,1284,1344,-1,-1,1119,1191,-1,-1,-1,-1,-1,-1,1146,1202,1214,-1,1070,1129,1155,-1,1112,-1,-1,-1,-1,-1,-1,-1,-1,-1,-1,-1,1802,1900,1936,-1,-1,-1,-1,-1,-1,-1,-1,-1,-1,-1,-1,-1,-1,-1,-1,-1,-1,-1,-1,-1,1573,1631,1577,-1,1987,2004,-1,-1,-1,-1,-1,-1,-1,1913,1957,-1,-1,-1,-1,-1,-1,2387,2428,-1,-1,-1,-1,-1,-1,-1,-1,-1,1944,2066,2105,-1,-1,-1,-1,-1,1696,1803,1833,-1,-1,-1,2617,-1,1854,-1,2009,-1,1711,1820,1859,-1,1696,1805,1833,-1,1910,2024,2073,-1,1672,1719,1720,1657,-1,1600,1625,-1,-1,-1,-1,-1,1518,1617,-1,-1,-1,-1,1613,-1,988,1056,-1,-1,-1,-1,-1,-1,-1,-1,-1,-1,-1,-1,-1,-1,-1,-1,-1,-1
The Shoreham Hotel,-1,-1,-1,-1,-1,-1,-1,-1,-1,-1,-1,-1,-1,-1,-1,-1,-1,-1,-1,-1,-1,-1,-1,-1,-1,-1,1439,1424,-1,-1,1429,-1,-1,-1,-1,-1,-1,-1,-1,1616,-1,-1,1683,-1,1813,1750,-1,-1,-1,-1,-1,-1,1575,-1,-1,-1,-1,-1,-1,-1,-1,-1,-1,-1,-1,-1,-1,-1,-1,-1,-1,-1,-1,1605,-1,-1,1313,1313,1313,1313,-1,-1,-1,-1,-1,-1,-1,-1,-1,-1,-1,-1,-1,-1,-1,-1,-1,-1,-1,-1,-1,-1,-1,-1,-1,-1,-1,-1,1297,1296,1296,1296,-1,-1,-1,-1,-1,-1,-1,-1,1355,1355,1355,1355,-1,-1,-1,-1,-1,-1,-1,-1,-1,-1,-1,-1,-1,-1,-1,-1,-1,-1,-1,-1,-1,-1,-1,980,-1,-1,-1,-1,-1,-1,-1,-1,-1,-1,-1,-1
Jet Luxury at the Trump SoHo,-1,-1,-1,-1,-1,-1,-1,-1,-1,-1,-1,-1,-1,-1,-1,-1,-1,-1,-1,-1,-1,-1,1822,1803,-1,-1,-1,-1,2689,2713,-1,2666,2643,2619,-1,2619,-1,-1,-1,-1,-1,-1,-1,-1,-1,-1,-1,-1,-1,-1,-1,-1,2800,2800,2800,2800,-1,-1,-1,-1,-1,-1,-1,-1,-1,-1,-1,-1,-1,-1,-1,-1,-1,-1,-1,-1,-1,-1,-1,-1,-1,-1,-1,-1,-1,-1,-1,-1,-1,-1,-1,-1,-1,-1,-1,-1,-1,-1,-1,-1,-1,-1,-1,-1,-1,-1,-1,-1,-1,-1,-1,-1,-1,-1,-1,-1,-1,-1,-1,-1,-1,-1,-1,-1,-1,-1,-1,-1,-1,-1,-1,-1,-1,-1,-1,-1,-1,-1,-1,-1,-1,-1,-1,-1,-1,-1,-1,-1,-1,-1,-1,-1,-1,-1,-1,-1,-1,-1,-1,-1
Dumont NYC-an Affinia hotel,-1,-1,-1,-1,-1,1135,-1,-1,-1,-1,-1,-1,-1,-1,-1,-1,-1,-1,-1,-1,-1,-1,-1,-1,-1,-1,-1,-1,1980,1927,-1,-1,-1,-1,1576,-1,-1,-1,-1,-1,-1,-1,-1,-1,-1,1949,1948,1803,1416,1449,1822,1838,1307,1327,1582,1628,1759,1459,1367,1196,1824,-1,-1,-1,1600,-1,-1,-1,-1,-1,1494,-1,-1,1472,1472,1652,-1,-1,-1,-1,-1,-1,1899,-1,-1,1811,-1,-1,-1,-1,-1,-1,-1,-1,1746,-1,-1,-1,-1,-1,-1,1753,1715,-1,-1,1550,-1,-1,1532,1572,1571,1572,-1,-1,-1,-1,-1,-1,-1,-1,-1,-1,-1,-1,-1,-1,-1,-1,-1,-1,-1,-1,-1,-1,-1,-1,-1,-1,-1,-1,-1,1134,1154,-1,-1,-1,-1,-1,-1,-1,-1,-1,-1,-1,-1,-1,-1,-1,-1,-1
TRYP By Wyndham Times Square South,-1,-1,-1,-1,-1,-1,-1,-1,-1,-1,-1,-1,-1,-1,-1,-1,1064,-1,-1,-1,1074,-1,-1,-1,-1,-1,-1,-1,-1,-1,-1,-1,-1,-1,-1,-1,-1,-1,-1,-1,-1,-1,-1,-1,-1,-1,-1,-1,-1,-1,-1,-1,1337,-1,-1,-1,1459,-1,-1,1335,-1,-1,-1,-1,-1,-1,-1,-1,1233,-1,-1,-1,-1,-1,-1,-1,-1,-1,-1,-1,-1,-1,-1,-1,-1,-1,-1,-1,-1,-1,-1,-1,1327,-1,-1,1299,-1,-1,-1,1361,1346,-1,-1,-1,-1,-1,-1,-1,-1,-1,-1,-1,-1,-1,-1,-1,1536,-1,-1,-1,1062,-1,-1,-1,-1,-1,-1,-1,-1,-1,969,-1,914,-1,-1,-1,-1,-1,-1,-1,-1,-1,-1,-1,-1,-1,-1,-1,1012,-1,-1,-1,-1,-1,-1,-1,-1,-1,-1,-1
